name,seed_id,crop_id,fruit_id,fruit_count,level,asset_name,rarity,image_role,phase_index,phase_name,image_path,image_url,local_path,phase_slot,seconds
哈哈南瓜,20416,1020416,49002,10,200,Crop_416,4,thumb,0,作物图,plant/model/v4/Crop_416_6.png,https://jsq.gptvip.chat/images/plant/model/v4/Crop_416_6.png,哈哈南瓜/哈哈南瓜_00_作物图.png,,
哈哈南瓜,20416,1020416,49002,10,200,Crop_416,4,phase,1,种子,plant/model/v4/Crop_1_1.png,https://jsq.gptvip.chat/images/plant/model/v4/Crop_1_1.png,哈哈南瓜/哈哈南瓜_01_种子.png,Seed,17280
哈哈南瓜,20416,1020416,49002,10,200,Crop_416,4,phase,2,发芽,plant/model/v4/Crop_416_2.png,https://jsq.gptvip.chat/images/plant/model/v4/Crop_416_2.png,哈哈南瓜/哈哈南瓜_02_发芽.png,2,17280
哈哈南瓜,20416,1020416,49002,10,200,Crop_416,4,phase,3,小叶子,plant/model/v4/Crop_416_3.png,https://jsq.gptvip.chat/images/plant/model/v4/Crop_416_3.png,哈哈南瓜/哈哈南瓜_03_小叶子.png,3,17280
哈哈南瓜,20416,1020416,49002,10,200,Crop_416,4,phase,4,大叶子,plant/model/v4/Crop_416_4.png,https://jsq.gptvip.chat/images/plant/model/v4/Crop_416_4.png,哈哈南瓜/哈哈南瓜_04_大叶子.png,4,17280
哈哈南瓜,20416,1020416,49002,10,200,Crop_416,4,phase,5,开花,plant/model/v4/Crop_416_5.png,https://jsq.gptvip.chat/images/plant/model/v4/Crop_416_5.png,哈哈南瓜/哈哈南瓜_05_开花.png,5,17280
哈哈南瓜,20416,1020416,49002,10,200,Crop_416,4,phase,6,成熟,plant/model/v4/Crop_416_6.png,https://jsq.gptvip.chat/images/plant/model/v4/Crop_416_6.png,哈哈南瓜/哈哈南瓜_06_成熟.png,6,0
爱心果,20046,1020046,40046,96,200,Crop_46,4,thumb,0,作物图,plant/model/v4/Crop_46_6.png,https://jsq.gptvip.chat/images/plant/model/v4/Crop_46_6.png,爱心果/爱心果_00_作物图.png,,
爱心果,20046,1020046,40046,96,200,Crop_46,4,phase,1,种子,plant/model/v4/Crop_1_1.png,https://jsq.gptvip.chat/images/plant/model/v4/Crop_1_1.png,爱心果/爱心果_01_种子.png,Seed,4800
爱心果,20046,1020046,40046,96,200,Crop_46,4,phase,2,发芽,plant/model/v4/Crop_46_2.png,https://jsq.gptvip.chat/images/plant/model/v4/Crop_46_2.png,爱心果/爱心果_02_发芽.png,2,4800
爱心果,20046,1020046,40046,96,200,Crop_46,4,phase,3,小叶子,plant/model/v4/Crop_46_3.png,https://jsq.gptvip.chat/images/plant/model/v4/Crop_46_3.png,爱心果/爱心果_03_小叶子.png,3,4800
爱心果,20046,1020046,40046,96,200,Crop_46,4,phase,4,大叶子,plant/model/v4/Crop_46_4.png,https://jsq.gptvip.chat/images/plant/model/v4/Crop_46_4.png,爱心果/爱心果_04_大叶子.png,4,7200
爱心果,20046,1020046,40046,96,200,Crop_46,4,phase,5,初熟,plant/model/v4/Crop_46_5.png,https://jsq.gptvip.chat/images/plant/model/v4/Crop_46_5.png,爱心果/爱心果_05_初熟.png,5,7200
爱心果,20046,1020046,40046,96,200,Crop_46,4,phase,6,成熟,plant/model/v4/Crop_46_6.png,https://jsq.gptvip.chat/images/plant/model/v4/Crop_46_6.png,爱心果/爱心果_06_成熟.png,6,0
琉璃宝荷,21032,1021032,41032,192,200,Crop_1032,4,thumb,0,作物图,plant/model/v4/Crop_1032_6.png,https://jsq.gptvip.chat/images/plant/model/v4/Crop_1032_6.png,琉璃宝荷/琉璃宝荷_00_作物图.png,,
琉璃宝荷,21032,1021032,41032,192,200,Crop_1032,4,phase,1,种子,plant/model/v4/Crop_1_1.png,https://jsq.gptvip.chat/images/plant/model/v4/Crop_1_1.png,琉璃宝荷/琉璃宝荷_01_种子.png,Seed,8640
琉璃宝荷,21032,1021032,41032,192,200,Crop_1032,4,phase,2,发芽,plant/model/v4/Crop_1032_2.png,https://jsq.gptvip.chat/images/plant/model/v4/Crop_1032_2.png,琉璃宝荷/琉璃宝荷_02_发芽.png,2,8640
琉璃宝荷,21032,1021032,41032,192,200,Crop_1032,4,phase,3,小叶子,plant/model/v4/Crop_1032_3.png,https://jsq.gptvip.chat/images/plant/model/v4/Crop_1032_3.png,琉璃宝荷/琉璃宝荷_03_小叶子.png,3,8640
琉璃宝荷,21032,1021032,41032,192,200,Crop_1032,4,phase,4,大叶子,plant/model/v4/Crop_1032_4.png,https://jsq.gptvip.chat/images/plant/model/v4/Crop_1032_4.png,琉璃宝荷/琉璃宝荷_04_大叶子.png,4,8640
琉璃宝荷,21032,1021032,41032,192,200,Crop_1032,4,phase,5,花蕾,plant/model/v4/Crop_1032_5.png,https://jsq.gptvip.chat/images/plant/model/v4/Crop_1032_5.png,琉璃宝荷/琉璃宝荷_05_花蕾.png,5,8640
琉璃宝荷,21032,1021032,41032,192,200,Crop_1032,4,phase,6,盛开,plant/model/v4/Crop_1032_6.png,https://jsq.gptvip.chat/images/plant/model/v4/Crop_1032_6.png,琉璃宝荷/琉璃宝荷_06_盛开.png,6,0
凌霄花,26127,1026127,46127,48,41,Crop_6127,3,thumb,0,作物图,plant/model/v4/Crop_6127_Seed.png,https://jsq.gptvip.chat/images/plant/model/v4/Crop_6127_Seed.png,凌霄花/凌霄花_00_作物图.png,,
凌霄花,26127,1026127,46127,48,41,Crop_6127,3,phase,1,种子,plant/model/v4/Crop_1_1.png,https://jsq.gptvip.chat/images/plant/model/v4/Crop_1_1.png,凌霄花/凌霄花_01_种子.png,Seed,8640
凌霄花,26127,1026127,46127,48,41,Crop_6127,3,phase,2,发芽,plant/model/v4/Crop_6127_2.png,https://jsq.gptvip.chat/images/plant/model/v4/Crop_6127_2.png,凌霄花/凌霄花_02_发芽.png,2,8640
凌霄花,26127,1026127,46127,48,41,Crop_6127,3,phase,3,小叶子,plant/model/v4/Crop_6127_3.png,https://jsq.gptvip.chat/images/plant/model/v4/Crop_6127_3.png,凌霄花/凌霄花_03_小叶子.png,3,8640
凌霄花,26127,1026127,46127,48,41,Crop_6127,3,phase,4,大叶子,plant/model/v4/Crop_6127_4.png,https://jsq.gptvip.chat/images/plant/model/v4/Crop_6127_4.png,凌霄花/凌霄花_04_大叶子.png,4,8640
凌霄花,26127,1026127,46127,48,41,Crop_6127,3,phase,5,花蕾,plant/model/v4/Crop_6127_5.png,https://jsq.gptvip.chat/images/plant/model/v4/Crop_6127_5.png,凌霄花/凌霄花_05_花蕾.png,5,8640
凌霄花,26127,1026127,46127,48,41,Crop_6127,3,phase,6,盛开,plant/model/v4/Crop_6127_6.png,https://jsq.gptvip.chat/images/plant/model/v4/Crop_6127_6.png,凌霄花/凌霄花_06_盛开.png,6,0
地涌金莲,20267,1020267,40267,48,41,Crop_267,3,thumb,0,作物图,plant/model/v4/Crop_267_Seed.png,https://jsq.gptvip.chat/images/plant/model/v4/Crop_267_Seed.png,地涌金莲/地涌金莲_00_作物图.png,,
地涌金莲,20267,1020267,40267,48,41,Crop_267,3,phase,1,种子,plant/model/v4/Crop_1_1.png,https://jsq.gptvip.chat/images/plant/model/v4/Crop_1_1.png,地涌金莲/地涌金莲_01_种子.png,Seed,8640
地涌金莲,20267,1020267,40267,48,41,Crop_267,3,phase,2,发芽,plant/model/v4/Crop_267_2.png,https://jsq.gptvip.chat/images/plant/model/v4/Crop_267_2.png,地涌金莲/地涌金莲_02_发芽.png,2,8640
地涌金莲,20267,1020267,40267,48,41,Crop_267,3,phase,3,小叶子,plant/model/v4/Crop_267_3.png,https://jsq.gptvip.chat/images/plant/model/v4/Crop_267_3.png,地涌金莲/地涌金莲_03_小叶子.png,3,8640
地涌金莲,20267,1020267,40267,48,41,Crop_267,3,phase,4,大叶子,plant/model/v4/Crop_267_4.png,https://jsq.gptvip.chat/images/plant/model/v4/Crop_267_4.png,地涌金莲/地涌金莲_04_大叶子.png,4,8640
地涌金莲,20267,1020267,40267,48,41,Crop_267,3,phase,5,花蕾,plant/model/v4/Crop_267_5.png,https://jsq.gptvip.chat/images/plant/model/v4/Crop_267_5.png,地涌金莲/地涌金莲_05_花蕾.png,5,8640
地涌金莲,20267,1020267,40267,48,41,Crop_267,3,phase,6,盛开,plant/model/v4/Crop_267_6.png,https://jsq.gptvip.chat/images/plant/model/v4/Crop_267_6.png,地涌金莲/地涌金莲_06_盛开.png,6,0
孔雀草,20257,1020257,40257,48,41,Crop_257,3,thumb,0,作物图,plant/model/v4/Crop_257_Seed.png,https://jsq.gptvip.chat/images/plant/model/v4/Crop_257_Seed.png,孔雀草/孔雀草_00_作物图.png,,
孔雀草,20257,1020257,40257,48,41,Crop_257,3,phase,1,种子,plant/model/v4/Crop_1_1.png,https://jsq.gptvip.chat/images/plant/model/v4/Crop_1_1.png,孔雀草/孔雀草_01_种子.png,Seed,8640
孔雀草,20257,1020257,40257,48,41,Crop_257,3,phase,2,发芽,plant/model/v4/Crop_257_2.png,https://jsq.gptvip.chat/images/plant/model/v4/Crop_257_2.png,孔雀草/孔雀草_02_发芽.png,2,8640
孔雀草,20257,1020257,40257,48,41,Crop_257,3,phase,3,小叶子,plant/model/v4/Crop_257_3.png,https://jsq.gptvip.chat/images/plant/model/v4/Crop_257_3.png,孔雀草/孔雀草_03_小叶子.png,3,8640
孔雀草,20257,1020257,40257,48,41,Crop_257,3,phase,4,大叶子,plant/model/v4/Crop_257_4.png,https://jsq.gptvip.chat/images/plant/model/v4/Crop_257_4.png,孔雀草/孔雀草_04_大叶子.png,4,8640
孔雀草,20257,1020257,40257,48,41,Crop_257,3,phase,5,花蕾,plant/model/v4/Crop_257_5.png,https://jsq.gptvip.chat/images/plant/model/v4/Crop_257_5.png,孔雀草/孔雀草_05_花蕾.png,5,8640
孔雀草,20257,1020257,40257,48,41,Crop_257,3,phase,6,盛开,plant/model/v4/Crop_257_6.png,https://jsq.gptvip.chat/images/plant/model/v4/Crop_257_6.png,孔雀草/孔雀草_06_盛开.png,6,0
欧石楠,20258,1020258,40258,48,41,Crop_258,3,thumb,0,作物图,plant/model/v4/Crop_258_Seed.png,https://jsq.gptvip.chat/images/plant/model/v4/Crop_258_Seed.png,欧石楠/欧石楠_00_作物图.png,,
欧石楠,20258,1020258,40258,48,41,Crop_258,3,phase,1,种子,plant/model/v4/Crop_1_1.png,https://jsq.gptvip.chat/images/plant/model/v4/Crop_1_1.png,欧石楠/欧石楠_01_种子.png,Seed,8640
欧石楠,20258,1020258,40258,48,41,Crop_258,3,phase,2,发芽,plant/model/v4/Crop_258_2.png,https://jsq.gptvip.chat/images/plant/model/v4/Crop_258_2.png,欧石楠/欧石楠_02_发芽.png,2,8640
欧石楠,20258,1020258,40258,48,41,Crop_258,3,phase,3,小叶,plant/model/v4/Crop_258_3.png,https://jsq.gptvip.chat/images/plant/model/v4/Crop_258_3.png,欧石楠/欧石楠_03_小叶.png,3,8640
欧石楠,20258,1020258,40258,48,41,Crop_258,3,phase,4,大叶,plant/model/v4/Crop_258_4.png,https://jsq.gptvip.chat/images/plant/model/v4/Crop_258_4.png,欧石楠/欧石楠_04_大叶.png,4,8640
欧石楠,20258,1020258,40258,48,41,Crop_258,3,phase,5,花蕾,plant/model/v4/Crop_258_5.png,https://jsq.gptvip.chat/images/plant/model/v4/Crop_258_5.png,欧石楠/欧石楠_05_花蕾.png,5,8640
欧石楠,20258,1020258,40258,48,41,Crop_258,3,phase,6,开花,plant/model/v4/Crop_258_6.png,https://jsq.gptvip.chat/images/plant/model/v4/Crop_258_6.png,欧石楠/欧石楠_06_开花.png,6,0
繁星花,21044,1021044,41044,48,41,Crop_1044,3,thumb,0,作物图,plant/model/v4/Crop_1044_Seed.png,https://jsq.gptvip.chat/images/plant/model/v4/Crop_1044_Seed.png,繁星花/繁星花_00_作物图.png,,
繁星花,21044,1021044,41044,48,41,Crop_1044,3,phase,1,种子,plant/model/v4/Crop_1_1.png,https://jsq.gptvip.chat/images/plant/model/v4/Crop_1_1.png,繁星花/繁星花_01_种子.png,Seed,8640
繁星花,21044,1021044,41044,48,41,Crop_1044,3,phase,2,发芽,plant/model/v4/Crop_1044_2.png,https://jsq.gptvip.chat/images/plant/model/v4/Crop_1044_2.png,繁星花/繁星花_02_发芽.png,2,8640
繁星花,21044,1021044,41044,48,41,Crop_1044,3,phase,3,小叶子,plant/model/v4/Crop_1044_3.png,https://jsq.gptvip.chat/images/plant/model/v4/Crop_1044_3.png,繁星花/繁星花_03_小叶子.png,3,8640
繁星花,21044,1021044,41044,48,41,Crop_1044,3,phase,4,大叶子,plant/model/v4/Crop_1044_4.png,https://jsq.gptvip.chat/images/plant/model/v4/Crop_1044_4.png,繁星花/繁星花_04_大叶子.png,4,8640
繁星花,21044,1021044,41044,48,41,Crop_1044,3,phase,5,花蕾,plant/model/v4/Crop_1044_5.png,https://jsq.gptvip.chat/images/plant/model/v4/Crop_1044_5.png,繁星花/繁星花_05_花蕾.png,5,8640
繁星花,21044,1021044,41044,48,41,Crop_1044,3,phase,6,盛开,plant/model/v4/Crop_1044_6.png,https://jsq.gptvip.chat/images/plant/model/v4/Crop_1044_6.png,繁星花/繁星花_06_盛开.png,6,0
芹叶铁线莲,20243,1020243,40243,48,41,Crop_243,3,thumb,0,作物图,plant/model/v4/Crop_243_Seed.png,https://jsq.gptvip.chat/images/plant/model/v4/Crop_243_Seed.png,芹叶铁线莲/芹叶铁线莲_00_作物图.png,,
芹叶铁线莲,20243,1020243,40243,48,41,Crop_243,3,phase,1,种子,plant/model/v4/Crop_1_1.png,https://jsq.gptvip.chat/images/plant/model/v4/Crop_1_1.png,芹叶铁线莲/芹叶铁线莲_01_种子.png,Seed,8640
芹叶铁线莲,20243,1020243,40243,48,41,Crop_243,3,phase,2,发芽,plant/model/v4/Crop_243_2.png,https://jsq.gptvip.chat/images/plant/model/v4/Crop_243_2.png,芹叶铁线莲/芹叶铁线莲_02_发芽.png,2,8640
芹叶铁线莲,20243,1020243,40243,48,41,Crop_243,3,phase,3,小叶子,plant/model/v4/Crop_243_3.png,https://jsq.gptvip.chat/images/plant/model/v4/Crop_243_3.png,芹叶铁线莲/芹叶铁线莲_03_小叶子.png,3,8640
芹叶铁线莲,20243,1020243,40243,48,41,Crop_243,3,phase,4,大叶子,plant/model/v4/Crop_243_4.png,https://jsq.gptvip.chat/images/plant/model/v4/Crop_243_4.png,芹叶铁线莲/芹叶铁线莲_04_大叶子.png,4,8640
芹叶铁线莲,20243,1020243,40243,48,41,Crop_243,3,phase,5,花蕾,plant/model/v4/Crop_243_5.png,https://jsq.gptvip.chat/images/plant/model/v4/Crop_243_5.png,芹叶铁线莲/芹叶铁线莲_05_花蕾.png,5,8640
芹叶铁线莲,20243,1020243,40243,48,41,Crop_243,3,phase,6,盛开,plant/model/v4/Crop_243_6.png,https://jsq.gptvip.chat/images/plant/model/v4/Crop_243_6.png,芹叶铁线莲/芹叶铁线莲_06_盛开.png,6,0
荷青花,21474,1021474,41474,48,41,Crop_1474,3,thumb,0,作物图,plant/model/v4/Crop_1474_Seed.png,https://jsq.gptvip.chat/images/plant/model/v4/Crop_1474_Seed.png,荷青花/荷青花_00_作物图.png,,
荷青花,21474,1021474,41474,48,41,Crop_1474,3,phase,1,种子,plant/model/v4/Crop_1_1.png,https://jsq.gptvip.chat/images/plant/model/v4/Crop_1_1.png,荷青花/荷青花_01_种子.png,Seed,8640
荷青花,21474,1021474,41474,48,41,Crop_1474,3,phase,2,发芽,plant/model/v4/Crop_1474_2.png,https://jsq.gptvip.chat/images/plant/model/v4/Crop_1474_2.png,荷青花/荷青花_02_发芽.png,2,8640
荷青花,21474,1021474,41474,48,41,Crop_1474,3,phase,3,小叶子,plant/model/v4/Crop_1474_3.png,https://jsq.gptvip.chat/images/plant/model/v4/Crop_1474_3.png,荷青花/荷青花_03_小叶子.png,3,8640
荷青花,21474,1021474,41474,48,41,Crop_1474,3,phase,4,大叶子,plant/model/v4/Crop_1474_4.png,https://jsq.gptvip.chat/images/plant/model/v4/Crop_1474_4.png,荷青花/荷青花_04_大叶子.png,4,8640
荷青花,21474,1021474,41474,48,41,Crop_1474,3,phase,5,花蕾,plant/model/v4/Crop_1474_5.png,https://jsq.gptvip.chat/images/plant/model/v4/Crop_1474_5.png,荷青花/荷青花_05_花蕾.png,5,8640
荷青花,21474,1021474,41474,48,41,Crop_1474,3,phase,6,盛开,plant/model/v4/Crop_1474_6.png,https://jsq.gptvip.chat/images/plant/model/v4/Crop_1474_6.png,荷青花/荷青花_06_盛开.png,6,0
菖蒲,21134,1021134,41134,48,41,Crop_1134,3,thumb,0,作物图,plant/model/v4/Crop_1134_Seed.png,https://jsq.gptvip.chat/images/plant/model/v4/Crop_1134_Seed.png,菖蒲/菖蒲_00_作物图.png,,
菖蒲,21134,1021134,41134,48,41,Crop_1134,3,phase,1,种子,plant/model/v4/Crop_1_1.png,https://jsq.gptvip.chat/images/plant/model/v4/Crop_1_1.png,菖蒲/菖蒲_01_种子.png,Seed,8640
菖蒲,21134,1021134,41134,48,41,Crop_1134,3,phase,2,发芽,plant/model/v4/Crop_1134_2.png,https://jsq.gptvip.chat/images/plant/model/v4/Crop_1134_2.png,菖蒲/菖蒲_02_发芽.png,2,8640
菖蒲,21134,1021134,41134,48,41,Crop_1134,3,phase,3,小叶子,plant/model/v4/Crop_1134_3.png,https://jsq.gptvip.chat/images/plant/model/v4/Crop_1134_3.png,菖蒲/菖蒲_03_小叶子.png,3,8640
菖蒲,21134,1021134,41134,48,41,Crop_1134,3,phase,4,大叶子,plant/model/v4/Crop_1134_4.png,https://jsq.gptvip.chat/images/plant/model/v4/Crop_1134_4.png,菖蒲/菖蒲_04_大叶子.png,4,8640
菖蒲,21134,1021134,41134,48,41,Crop_1134,3,phase,5,花蕾,plant/model/v4/Crop_1134_5.png,https://jsq.gptvip.chat/images/plant/model/v4/Crop_1134_5.png,菖蒲/菖蒲_05_花蕾.png,5,8640
菖蒲,21134,1021134,41134,48,41,Crop_1134,3,phase,6,盛开,plant/model/v4/Crop_1134_6.png,https://jsq.gptvip.chat/images/plant/model/v4/Crop_1134_6.png,菖蒲/菖蒲_06_盛开.png,6,0
香彩雀,21038,1021038,41038,48,41,Crop_1038,3,thumb,0,作物图,plant/model/v4/Crop_1038_Seed.png,https://jsq.gptvip.chat/images/plant/model/v4/Crop_1038_Seed.png,香彩雀/香彩雀_00_作物图.png,,
香彩雀,21038,1021038,41038,48,41,Crop_1038,3,phase,1,种子,plant/model/v4/Crop_1_1.png,https://jsq.gptvip.chat/images/plant/model/v4/Crop_1_1.png,香彩雀/香彩雀_01_种子.png,Seed,8640
香彩雀,21038,1021038,41038,48,41,Crop_1038,3,phase,2,发芽,plant/model/v4/Crop_1038_2.png,https://jsq.gptvip.chat/images/plant/model/v4/Crop_1038_2.png,香彩雀/香彩雀_02_发芽.png,2,8640
香彩雀,21038,1021038,41038,48,41,Crop_1038,3,phase,3,小叶子,plant/model/v4/Crop_1038_3.png,https://jsq.gptvip.chat/images/plant/model/v4/Crop_1038_3.png,香彩雀/香彩雀_03_小叶子.png,3,8640
香彩雀,21038,1021038,41038,48,41,Crop_1038,3,phase,4,大叶子,plant/model/v4/Crop_1038_4.png,https://jsq.gptvip.chat/images/plant/model/v4/Crop_1038_4.png,香彩雀/香彩雀_04_大叶子.png,4,8640
香彩雀,21038,1021038,41038,48,41,Crop_1038,3,phase,5,花蕾,plant/model/v4/Crop_1038_5.png,https://jsq.gptvip.chat/images/plant/model/v4/Crop_1038_5.png,香彩雀/香彩雀_05_花蕾.png,5,8640
香彩雀,21038,1021038,41038,48,41,Crop_1038,3,phase,6,盛开,plant/model/v4/Crop_1038_6.png,https://jsq.gptvip.chat/images/plant/model/v4/Crop_1038_6.png,香彩雀/香彩雀_06_盛开.png,6,0
黄金果,20304,1020304,40304,48,81,Crop_304,3,thumb,0,作物图,plant/model/v4/Crop_304_Seed.png,https://jsq.gptvip.chat/images/plant/model/v4/Crop_304_Seed.png,黄金果/黄金果_00_作物图.png,,
黄金果,20304,1020304,40304,48,81,Crop_304,3,phase,1,种子,plant/model/v4/Crop_1_1.png,https://jsq.gptvip.chat/images/plant/model/v4/Crop_1_1.png,黄金果/黄金果_01_种子.png,Seed,8640
黄金果,20304,1020304,40304,48,81,Crop_304,3,phase,2,发芽,plant/model/v4/Crop_304_2.png,https://jsq.gptvip.chat/images/plant/model/v4/Crop_304_2.png,黄金果/黄金果_02_发芽.png,2,8640
黄金果,20304,1020304,40304,48,81,Crop_304,3,phase,3,小叶子,plant/model/v4/Crop_304_3.png,https://jsq.gptvip.chat/images/plant/model/v4/Crop_304_3.png,黄金果/黄金果_03_小叶子.png,3,8640
黄金果,20304,1020304,40304,48,81,Crop_304,3,phase,4,大叶子,plant/model/v4/Crop_304_4.png,https://jsq.gptvip.chat/images/plant/model/v4/Crop_304_4.png,黄金果/黄金果_04_大叶子.png,4,8640
黄金果,20304,1020304,40304,48,81,Crop_304,3,phase,5,开花,plant/model/v4/Crop_304_5.png,https://jsq.gptvip.chat/images/plant/model/v4/Crop_304_5.png,黄金果/黄金果_05_开花.png,5,8640
黄金果,20304,1020304,40304,48,81,Crop_304,3,phase,6,成熟,plant/model/v4/Crop_304_6.png,https://jsq.gptvip.chat/images/plant/model/v4/Crop_304_6.png,黄金果/黄金果_06_成熟.png,6,0
昙花,20224,1020224,40224,24,201,Crop_224,3,thumb,0,作物图,plant/model/v4/Crop_224_Seed.png,https://jsq.gptvip.chat/images/plant/model/v4/Crop_224_Seed.png,昙花/昙花_00_作物图.png,,
昙花,20224,1020224,40224,24,201,Crop_224,3,phase,1,种子,plant/model/v4/Crop_1_1.png,https://jsq.gptvip.chat/images/plant/model/v4/Crop_1_1.png,昙花/昙花_01_种子.png,Seed,4800
昙花,20224,1020224,40224,24,201,Crop_224,3,phase,2,发芽,plant/model/v4/Crop_224_2.png,https://jsq.gptvip.chat/images/plant/model/v4/Crop_224_2.png,昙花/昙花_02_发芽.png,2,4800
昙花,20224,1020224,40224,24,201,Crop_224,3,phase,3,小叶子,plant/model/v4/Crop_224_3.png,https://jsq.gptvip.chat/images/plant/model/v4/Crop_224_3.png,昙花/昙花_03_小叶子.png,3,4800
昙花,20224,1020224,40224,24,201,Crop_224,3,phase,4,大叶子,plant/model/v4/Crop_224_4.png,https://jsq.gptvip.chat/images/plant/model/v4/Crop_224_4.png,昙花/昙花_04_大叶子.png,4,7200
昙花,20224,1020224,40224,24,201,Crop_224,3,phase,5,初熟,plant/model/v4/Crop_224_5.png,https://jsq.gptvip.chat/images/plant/model/v4/Crop_224_5.png,昙花/昙花_05_初熟.png,5,7200
昙花,20224,1020224,40224,24,201,Crop_224,3,phase,6,成熟,plant/model/v4/Crop_224_6.png,https://jsq.gptvip.chat/images/plant/model/v4/Crop_224_6.png,昙花/昙花_06_成熟.png,6,0
荷包牡丹,20249,1020249,40249,24,201,Crop_249,3,thumb,0,作物图,plant/model/v4/Crop_249_Seed.png,https://jsq.gptvip.chat/images/plant/model/v4/Crop_249_Seed.png,荷包牡丹/荷包牡丹_00_作物图.png,,
荷包牡丹,20249,1020249,40249,24,201,Crop_249,3,phase,1,种子,plant/model/v4/Crop_1_1.png,https://jsq.gptvip.chat/images/plant/model/v4/Crop_1_1.png,荷包牡丹/荷包牡丹_01_种子.png,Seed,4800
荷包牡丹,20249,1020249,40249,24,201,Crop_249,3,phase,2,发芽,plant/model/v4/Crop_249_2.png,https://jsq.gptvip.chat/images/plant/model/v4/Crop_249_2.png,荷包牡丹/荷包牡丹_02_发芽.png,2,4800
荷包牡丹,20249,1020249,40249,24,201,Crop_249,3,phase,3,小叶子,plant/model/v4/Crop_249_3.png,https://jsq.gptvip.chat/images/plant/model/v4/Crop_249_3.png,荷包牡丹/荷包牡丹_03_小叶子.png,3,4800
荷包牡丹,20249,1020249,40249,24,201,Crop_249,3,phase,4,大叶子,plant/model/v4/Crop_249_4.png,https://jsq.gptvip.chat/images/plant/model/v4/Crop_249_4.png,荷包牡丹/荷包牡丹_04_大叶子.png,4,7200
荷包牡丹,20249,1020249,40249,24,201,Crop_249,3,phase,5,花蕾,plant/model/v4/Crop_249_5.png,https://jsq.gptvip.chat/images/plant/model/v4/Crop_249_5.png,荷包牡丹/荷包牡丹_05_花蕾.png,5,7200
荷包牡丹,20249,1020249,40249,24,201,Crop_249,3,phase,6,盛开,plant/model/v4/Crop_249_6.png,https://jsq.gptvip.chat/images/plant/model/v4/Crop_249_6.png,荷包牡丹/荷包牡丹_06_盛开.png,6,0
似何莲,20185,1020185,40185,48,21,Crop_185,2,thumb,0,作物图,plant/model/v4/Crop_185_Seed.png,https://jsq.gptvip.chat/images/plant/model/v4/Crop_185_Seed.png,似何莲/似何莲_00_作物图.png,,
似何莲,20185,1020185,40185,48,21,Crop_185,2,phase,1,种子,plant/model/v4/Crop_1_1.png,https://jsq.gptvip.chat/images/plant/model/v4/Crop_1_1.png,似何莲/似何莲_01_种子.png,Seed,8640
似何莲,20185,1020185,40185,48,21,Crop_185,2,phase,2,发芽,plant/model/v4/Crop_185_2.png,https://jsq.gptvip.chat/images/plant/model/v4/Crop_185_2.png,似何莲/似何莲_02_发芽.png,2,8640
似何莲,20185,1020185,40185,48,21,Crop_185,2,phase,3,小叶子,plant/model/v4/Crop_185_3.png,https://jsq.gptvip.chat/images/plant/model/v4/Crop_185_3.png,似何莲/似何莲_03_小叶子.png,3,8640
似何莲,20185,1020185,40185,48,21,Crop_185,2,phase,4,大叶子,plant/model/v4/Crop_185_4.png,https://jsq.gptvip.chat/images/plant/model/v4/Crop_185_4.png,似何莲/似何莲_04_大叶子.png,4,8640
似何莲,20185,1020185,40185,48,21,Crop_185,2,phase,5,花蕾,plant/model/v4/Crop_185_5.png,https://jsq.gptvip.chat/images/plant/model/v4/Crop_185_5.png,似何莲/似何莲_05_花蕾.png,5,8640
似何莲,20185,1020185,40185,48,21,Crop_185,2,phase,6,盛开,plant/model/v4/Crop_185_6.png,https://jsq.gptvip.chat/images/plant/model/v4/Crop_185_6.png,似何莲/似何莲_06_盛开.png,6,0
凤仙花,20133,1020133,40133,48,21,Crop_133,2,thumb,0,作物图,plant/model/v4/Crop_133_Seed.png,https://jsq.gptvip.chat/images/plant/model/v4/Crop_133_Seed.png,凤仙花/凤仙花_00_作物图.png,,
凤仙花,20133,1020133,40133,48,21,Crop_133,2,phase,1,种子,plant/model/v4/Crop_1_1.png,https://jsq.gptvip.chat/images/plant/model/v4/Crop_1_1.png,凤仙花/凤仙花_01_种子.png,Seed,8640
凤仙花,20133,1020133,40133,48,21,Crop_133,2,phase,2,发芽,plant/model/v4/Crop_133_2.png,https://jsq.gptvip.chat/images/plant/model/v4/Crop_133_2.png,凤仙花/凤仙花_02_发芽.png,2,8640
凤仙花,20133,1020133,40133,48,21,Crop_133,2,phase,3,小叶子,plant/model/v4/Crop_133_3.png,https://jsq.gptvip.chat/images/plant/model/v4/Crop_133_3.png,凤仙花/凤仙花_03_小叶子.png,3,8640
凤仙花,20133,1020133,40133,48,21,Crop_133,2,phase,4,大叶子,plant/model/v4/Crop_133_4.png,https://jsq.gptvip.chat/images/plant/model/v4/Crop_133_4.png,凤仙花/凤仙花_04_大叶子.png,4,8640
凤仙花,20133,1020133,40133,48,21,Crop_133,2,phase,5,花蕾,plant/model/v4/Crop_133_5.png,https://jsq.gptvip.chat/images/plant/model/v4/Crop_133_5.png,凤仙花/凤仙花_05_花蕾.png,5,8640
凤仙花,20133,1020133,40133,48,21,Crop_133,2,phase,6,盛开,plant/model/v4/Crop_133_6.png,https://jsq.gptvip.chat/images/plant/model/v4/Crop_133_6.png,凤仙花/凤仙花_06_盛开.png,6,0
卡特兰,20184,1020184,40184,48,21,Crop_184,2,thumb,0,作物图,plant/model/v4/Crop_184_Seed.png,https://jsq.gptvip.chat/images/plant/model/v4/Crop_184_Seed.png,卡特兰/卡特兰_00_作物图.png,,
卡特兰,20184,1020184,40184,48,21,Crop_184,2,phase,1,种子,plant/model/v4/Crop_1_1.png,https://jsq.gptvip.chat/images/plant/model/v4/Crop_1_1.png,卡特兰/卡特兰_01_种子.png,Seed,8640
卡特兰,20184,1020184,40184,48,21,Crop_184,2,phase,2,发芽,plant/model/v4/Crop_184_2.png,https://jsq.gptvip.chat/images/plant/model/v4/Crop_184_2.png,卡特兰/卡特兰_02_发芽.png,2,8640
卡特兰,20184,1020184,40184,48,21,Crop_184,2,phase,3,小叶,plant/model/v4/Crop_184_3.png,https://jsq.gptvip.chat/images/plant/model/v4/Crop_184_3.png,卡特兰/卡特兰_03_小叶.png,3,8640
卡特兰,20184,1020184,40184,48,21,Crop_184,2,phase,4,大叶,plant/model/v4/Crop_184_4.png,https://jsq.gptvip.chat/images/plant/model/v4/Crop_184_4.png,卡特兰/卡特兰_04_大叶.png,4,8640
卡特兰,20184,1020184,40184,48,21,Crop_184,2,phase,5,花蕾,plant/model/v4/Crop_184_5.png,https://jsq.gptvip.chat/images/plant/model/v4/Crop_184_5.png,卡特兰/卡特兰_05_花蕾.png,5,8640
卡特兰,20184,1020184,40184,48,21,Crop_184,2,phase,6,开花,plant/model/v4/Crop_184_6.png,https://jsq.gptvip.chat/images/plant/model/v4/Crop_184_6.png,卡特兰/卡特兰_06_开花.png,6,0
欢乐糖果,20167,1020167,40167,32,21,Crop_167,2,thumb,0,作物图,plant/model/v4/Crop_167_Seed.png,https://jsq.gptvip.chat/images/plant/model/v4/Crop_167_Seed.png,欢乐糖果/欢乐糖果_00_作物图.png,,
欢乐糖果,20167,1020167,40167,32,21,Crop_167,2,phase,1,种子,plant/model/v4/Crop_1_1.png,https://jsq.gptvip.chat/images/plant/model/v4/Crop_1_1.png,欢乐糖果/欢乐糖果_01_种子.png,Seed,5760
欢乐糖果,20167,1020167,40167,32,21,Crop_167,2,phase,2,发芽,plant/model/v4/Crop_167_2.png,https://jsq.gptvip.chat/images/plant/model/v4/Crop_167_2.png,欢乐糖果/欢乐糖果_02_发芽.png,2,5760
欢乐糖果,20167,1020167,40167,32,21,Crop_167,2,phase,3,小叶子,plant/model/v4/Crop_167_3.png,https://jsq.gptvip.chat/images/plant/model/v4/Crop_167_3.png,欢乐糖果/欢乐糖果_03_小叶子.png,3,5760
欢乐糖果,20167,1020167,40167,32,21,Crop_167,2,phase,4,大叶子,plant/model/v4/Crop_167_4.png,https://jsq.gptvip.chat/images/plant/model/v4/Crop_167_4.png,欢乐糖果/欢乐糖果_04_大叶子.png,4,5760
欢乐糖果,20167,1020167,40167,32,21,Crop_167,2,phase,5,开花,plant/model/v4/Crop_167_5.png,https://jsq.gptvip.chat/images/plant/model/v4/Crop_167_5.png,欢乐糖果/欢乐糖果_05_开花.png,5,5760
欢乐糖果,20167,1020167,40167,32,21,Crop_167,2,phase,6,成熟,plant/model/v4/Crop_167_6.png,https://jsq.gptvip.chat/images/plant/model/v4/Crop_167_6.png,欢乐糖果/欢乐糖果_06_成熟.png,6,0
石竹花,20256,1020256,40256,48,21,Crop_256,2,thumb,0,作物图,plant/model/v4/Crop_256_Seed.png,https://jsq.gptvip.chat/images/plant/model/v4/Crop_256_Seed.png,石竹花/石竹花_00_作物图.png,,
石竹花,20256,1020256,40256,48,21,Crop_256,2,phase,1,种子,plant/model/v4/Crop_1_1.png,https://jsq.gptvip.chat/images/plant/model/v4/Crop_1_1.png,石竹花/石竹花_01_种子.png,Seed,8640
石竹花,20256,1020256,40256,48,21,Crop_256,2,phase,2,发芽,plant/model/v4/Crop_256_2.png,https://jsq.gptvip.chat/images/plant/model/v4/Crop_256_2.png,石竹花/石竹花_02_发芽.png,2,8640
石竹花,20256,1020256,40256,48,21,Crop_256,2,phase,3,小叶,plant/model/v4/Crop_256_3.png,https://jsq.gptvip.chat/images/plant/model/v4/Crop_256_3.png,石竹花/石竹花_03_小叶.png,3,8640
石竹花,20256,1020256,40256,48,21,Crop_256,2,phase,4,大叶,plant/model/v4/Crop_256_4.png,https://jsq.gptvip.chat/images/plant/model/v4/Crop_256_4.png,石竹花/石竹花_04_大叶.png,4,8640
石竹花,20256,1020256,40256,48,21,Crop_256,2,phase,5,花蕾,plant/model/v4/Crop_256_5.png,https://jsq.gptvip.chat/images/plant/model/v4/Crop_256_5.png,石竹花/石竹花_05_花蕾.png,5,8640
石竹花,20256,1020256,40256,48,21,Crop_256,2,phase,6,开花,plant/model/v4/Crop_256_6.png,https://jsq.gptvip.chat/images/plant/model/v4/Crop_256_6.png,石竹花/石竹花_06_开花.png,6,0
米兰,20186,1020186,40186,48,21,Crop_186,2,thumb,0,作物图,plant/model/v4/Crop_186_Seed.png,https://jsq.gptvip.chat/images/plant/model/v4/Crop_186_Seed.png,米兰/米兰_00_作物图.png,,
米兰,20186,1020186,40186,48,21,Crop_186,2,phase,1,种子,plant/model/v4/Crop_1_1.png,https://jsq.gptvip.chat/images/plant/model/v4/Crop_1_1.png,米兰/米兰_01_种子.png,Seed,8640
米兰,20186,1020186,40186,48,21,Crop_186,2,phase,2,发芽,plant/model/v4/Crop_186_2.png,https://jsq.gptvip.chat/images/plant/model/v4/Crop_186_2.png,米兰/米兰_02_发芽.png,2,8640
米兰,20186,1020186,40186,48,21,Crop_186,2,phase,3,小叶子,plant/model/v4/Crop_186_3.png,https://jsq.gptvip.chat/images/plant/model/v4/Crop_186_3.png,米兰/米兰_03_小叶子.png,3,8640
米兰,20186,1020186,40186,48,21,Crop_186,2,phase,4,大叶子,plant/model/v4/Crop_186_4.png,https://jsq.gptvip.chat/images/plant/model/v4/Crop_186_4.png,米兰/米兰_04_大叶子.png,4,8640
米兰,20186,1020186,40186,48,21,Crop_186,2,phase,5,花蕾,plant/model/v4/Crop_186_5.png,https://jsq.gptvip.chat/images/plant/model/v4/Crop_186_5.png,米兰/米兰_05_花蕾.png,5,8640
米兰,20186,1020186,40186,48,21,Crop_186,2,phase,6,盛开,plant/model/v4/Crop_186_6.png,https://jsq.gptvip.chat/images/plant/model/v4/Crop_186_6.png,米兰/米兰_06_盛开.png,6,0
红云飞片,20193,1020193,40193,48,21,Crop_193,2,thumb,0,作物图,plant/model/v4/Crop_193_Seed.png,https://jsq.gptvip.chat/images/plant/model/v4/Crop_193_Seed.png,红云飞片/红云飞片_00_作物图.png,,
红云飞片,20193,1020193,40193,48,21,Crop_193,2,phase,1,种子,plant/model/v4/Crop_1_1.png,https://jsq.gptvip.chat/images/plant/model/v4/Crop_1_1.png,红云飞片/红云飞片_01_种子.png,Seed,8640
红云飞片,20193,1020193,40193,48,21,Crop_193,2,phase,2,发芽,plant/model/v4/Crop_193_2.png,https://jsq.gptvip.chat/images/plant/model/v4/Crop_193_2.png,红云飞片/红云飞片_02_发芽.png,2,8640
红云飞片,20193,1020193,40193,48,21,Crop_193,2,phase,3,小叶,plant/model/v4/Crop_193_3.png,https://jsq.gptvip.chat/images/plant/model/v4/Crop_193_3.png,红云飞片/红云飞片_03_小叶.png,3,8640
红云飞片,20193,1020193,40193,48,21,Crop_193,2,phase,4,大叶,plant/model/v4/Crop_193_4.png,https://jsq.gptvip.chat/images/plant/model/v4/Crop_193_4.png,红云飞片/红云飞片_04_大叶.png,4,8640
红云飞片,20193,1020193,40193,48,21,Crop_193,2,phase,5,花蕾,plant/model/v4/Crop_193_5.png,https://jsq.gptvip.chat/images/plant/model/v4/Crop_193_5.png,红云飞片/红云飞片_05_花蕾.png,5,8640
红云飞片,20193,1020193,40193,48,21,Crop_193,2,phase,6,开花,plant/model/v4/Crop_193_6.png,https://jsq.gptvip.chat/images/plant/model/v4/Crop_193_6.png,红云飞片/红云飞片_06_开花.png,6,0
金银花,20176,1020176,40176,48,21,Crop_176,2,thumb,0,作物图,plant/model/v4/Crop_176_Seed.png,https://jsq.gptvip.chat/images/plant/model/v4/Crop_176_Seed.png,金银花/金银花_00_作物图.png,,
金银花,20176,1020176,40176,48,21,Crop_176,2,phase,1,种子,plant/model/v4/Crop_1_1.png,https://jsq.gptvip.chat/images/plant/model/v4/Crop_1_1.png,金银花/金银花_01_种子.png,Seed,8640
金银花,20176,1020176,40176,48,21,Crop_176,2,phase,2,发芽,plant/model/v4/Crop_176_2.png,https://jsq.gptvip.chat/images/plant/model/v4/Crop_176_2.png,金银花/金银花_02_发芽.png,2,8640
金银花,20176,1020176,40176,48,21,Crop_176,2,phase,3,小叶子,plant/model/v4/Crop_176_3.png,https://jsq.gptvip.chat/images/plant/model/v4/Crop_176_3.png,金银花/金银花_03_小叶子.png,3,8640
金银花,20176,1020176,40176,48,21,Crop_176,2,phase,4,大叶子,plant/model/v4/Crop_176_4.png,https://jsq.gptvip.chat/images/plant/model/v4/Crop_176_4.png,金银花/金银花_04_大叶子.png,4,8640
金银花,20176,1020176,40176,48,21,Crop_176,2,phase,5,花蕾,plant/model/v4/Crop_176_5.png,https://jsq.gptvip.chat/images/plant/model/v4/Crop_176_5.png,金银花/金银花_05_花蕾.png,5,8640
金银花,20176,1020176,40176,48,21,Crop_176,2,phase,6,盛开,plant/model/v4/Crop_176_6.png,https://jsq.gptvip.chat/images/plant/model/v4/Crop_176_6.png,金银花/金银花_06_盛开.png,6,0
针垫花,20261,1020261,40261,48,21,Crop_261,2,thumb,0,作物图,plant/model/v4/Crop_261_Seed.png,https://jsq.gptvip.chat/images/plant/model/v4/Crop_261_Seed.png,针垫花/针垫花_00_作物图.png,,
针垫花,20261,1020261,40261,48,21,Crop_261,2,phase,1,种子,plant/model/v4/Crop_1_1.png,https://jsq.gptvip.chat/images/plant/model/v4/Crop_1_1.png,针垫花/针垫花_01_种子.png,Seed,8640
针垫花,20261,1020261,40261,48,21,Crop_261,2,phase,2,发芽,plant/model/v4/Crop_261_2.png,https://jsq.gptvip.chat/images/plant/model/v4/Crop_261_2.png,针垫花/针垫花_02_发芽.png,2,8640
针垫花,20261,1020261,40261,48,21,Crop_261,2,phase,3,小叶,plant/model/v4/Crop_261_3.png,https://jsq.gptvip.chat/images/plant/model/v4/Crop_261_3.png,针垫花/针垫花_03_小叶.png,3,8640
针垫花,20261,1020261,40261,48,21,Crop_261,2,phase,4,大叶,plant/model/v4/Crop_261_4.png,https://jsq.gptvip.chat/images/plant/model/v4/Crop_261_4.png,针垫花/针垫花_04_大叶.png,4,8640
针垫花,20261,1020261,40261,48,21,Crop_261,2,phase,5,花蕾,plant/model/v4/Crop_261_5.png,https://jsq.gptvip.chat/images/plant/model/v4/Crop_261_5.png,针垫花/针垫花_05_花蕾.png,5,8640
针垫花,20261,1020261,40261,48,21,Crop_261,2,phase,6,开花,plant/model/v4/Crop_261_6.png,https://jsq.gptvip.chat/images/plant/model/v4/Crop_261_6.png,针垫花/针垫花_06_开花.png,6,0
鹭草,20251,1020251,40251,48,21,Crop_251,2,thumb,0,作物图,plant/model/v4/Crop_251_Seed.png,https://jsq.gptvip.chat/images/plant/model/v4/Crop_251_Seed.png,鹭草/鹭草_00_作物图.png,,
鹭草,20251,1020251,40251,48,21,Crop_251,2,phase,1,种子,plant/model/v4/Crop_1_1.png,https://jsq.gptvip.chat/images/plant/model/v4/Crop_1_1.png,鹭草/鹭草_01_种子.png,Seed,8640
鹭草,20251,1020251,40251,48,21,Crop_251,2,phase,2,发芽,plant/model/v4/Crop_251_2.png,https://jsq.gptvip.chat/images/plant/model/v4/Crop_251_2.png,鹭草/鹭草_02_发芽.png,2,8640
鹭草,20251,1020251,40251,48,21,Crop_251,2,phase,3,小叶子,plant/model/v4/Crop_251_3.png,https://jsq.gptvip.chat/images/plant/model/v4/Crop_251_3.png,鹭草/鹭草_03_小叶子.png,3,8640
鹭草,20251,1020251,40251,48,21,Crop_251,2,phase,4,大叶子,plant/model/v4/Crop_251_4.png,https://jsq.gptvip.chat/images/plant/model/v4/Crop_251_4.png,鹭草/鹭草_04_大叶子.png,4,8640
鹭草,20251,1020251,40251,48,21,Crop_251,2,phase,5,花蕾,plant/model/v4/Crop_251_5.png,https://jsq.gptvip.chat/images/plant/model/v4/Crop_251_5.png,鹭草/鹭草_05_花蕾.png,5,8640
鹭草,20251,1020251,40251,48,21,Crop_251,2,phase,6,盛开,plant/model/v4/Crop_251_6.png,https://jsq.gptvip.chat/images/plant/model/v4/Crop_251_6.png,鹭草/鹭草_06_盛开.png,6,0
艾草,21135,1021135,41135,24,200,Crop_1135,2,thumb,0,作物图,plant/model/v4/Crop_1135_Seed.png,https://jsq.gptvip.chat/images/plant/model/v4/Crop_1135_Seed.png,艾草/艾草_00_作物图.png,,
艾草,21135,1021135,41135,24,200,Crop_1135,2,phase,1,种子,plant/model/v4/Crop_1_1.png,https://jsq.gptvip.chat/images/plant/model/v4/Crop_1_1.png,艾草/艾草_01_种子.png,Seed,4800
艾草,21135,1021135,41135,24,200,Crop_1135,2,phase,2,发芽,plant/model/v4/Crop_1135_2.png,https://jsq.gptvip.chat/images/plant/model/v4/Crop_1135_2.png,艾草/艾草_02_发芽.png,2,4800
艾草,21135,1021135,41135,24,200,Crop_1135,2,phase,3,小叶子,plant/model/v4/Crop_1135_3.png,https://jsq.gptvip.chat/images/plant/model/v4/Crop_1135_3.png,艾草/艾草_03_小叶子.png,3,4800
艾草,21135,1021135,41135,24,200,Crop_1135,2,phase,4,大叶子,plant/model/v4/Crop_1135_4.png,https://jsq.gptvip.chat/images/plant/model/v4/Crop_1135_4.png,艾草/艾草_04_大叶子.png,4,7200
艾草,21135,1021135,41135,24,200,Crop_1135,2,phase,5,初熟,plant/model/v4/Crop_1135_5.png,https://jsq.gptvip.chat/images/plant/model/v4/Crop_1135_5.png,艾草/艾草_05_初熟.png,5,7200
艾草,21135,1021135,41135,24,200,Crop_1135,2,phase,6,成熟,plant/model/v4/Crop_1135_6.png,https://jsq.gptvip.chat/images/plant/model/v4/Crop_1135_6.png,艾草/艾草_06_成熟.png,6,0
蔷薇,20121,1020121,40121,24,200,Crop_121,2,thumb,0,作物图,plant/model/v4/Crop_121_Seed.png,https://jsq.gptvip.chat/images/plant/model/v4/Crop_121_Seed.png,蔷薇/蔷薇_00_作物图.png,,
蔷薇,20121,1020121,40121,24,200,Crop_121,2,phase,1,种子,plant/model/v4/Crop_1_1.png,https://jsq.gptvip.chat/images/plant/model/v4/Crop_1_1.png,蔷薇/蔷薇_01_种子.png,Seed,4800
蔷薇,20121,1020121,40121,24,200,Crop_121,2,phase,2,发芽,plant/model/v4/Crop_121_2.png,https://jsq.gptvip.chat/images/plant/model/v4/Crop_121_2.png,蔷薇/蔷薇_02_发芽.png,2,4800
蔷薇,20121,1020121,40121,24,200,Crop_121,2,phase,3,小叶子,plant/model/v4/Crop_121_3.png,https://jsq.gptvip.chat/images/plant/model/v4/Crop_121_3.png,蔷薇/蔷薇_03_小叶子.png,3,4800
蔷薇,20121,1020121,40121,24,200,Crop_121,2,phase,4,大叶子,plant/model/v4/Crop_121_4.png,https://jsq.gptvip.chat/images/plant/model/v4/Crop_121_4.png,蔷薇/蔷薇_04_大叶子.png,4,7200
蔷薇,20121,1020121,40121,24,200,Crop_121,2,phase,5,初熟,plant/model/v4/Crop_121_5.png,https://jsq.gptvip.chat/images/plant/model/v4/Crop_121_5.png,蔷薇/蔷薇_05_初熟.png,5,7200
蔷薇,20121,1020121,40121,24,200,Crop_121,2,phase,6,成熟,plant/model/v4/Crop_121_6.png,https://jsq.gptvip.chat/images/plant/model/v4/Crop_121_6.png,蔷薇/蔷薇_06_成熟.png,6,0
蝴蝶兰,20109,1020109,40109,24,200,Crop_109,2,thumb,0,作物图,plant/model/v4/Crop_109_Seed.png,https://jsq.gptvip.chat/images/plant/model/v4/Crop_109_Seed.png,蝴蝶兰/蝴蝶兰_00_作物图.png,,
蝴蝶兰,20109,1020109,40109,24,200,Crop_109,2,phase,1,种子,plant/model/v4/Crop_1_1.png,https://jsq.gptvip.chat/images/plant/model/v4/Crop_1_1.png,蝴蝶兰/蝴蝶兰_01_种子.png,Seed,4800
蝴蝶兰,20109,1020109,40109,24,200,Crop_109,2,phase,2,发芽,plant/model/v4/Crop_109_2.png,https://jsq.gptvip.chat/images/plant/model/v4/Crop_109_2.png,蝴蝶兰/蝴蝶兰_02_发芽.png,2,4800
蝴蝶兰,20109,1020109,40109,24,200,Crop_109,2,phase,3,小叶子,plant/model/v4/Crop_109_3.png,https://jsq.gptvip.chat/images/plant/model/v4/Crop_109_3.png,蝴蝶兰/蝴蝶兰_03_小叶子.png,3,4800
蝴蝶兰,20109,1020109,40109,24,200,Crop_109,2,phase,4,大叶子,plant/model/v4/Crop_109_4.png,https://jsq.gptvip.chat/images/plant/model/v4/Crop_109_4.png,蝴蝶兰/蝴蝶兰_04_大叶子.png,4,7200
蝴蝶兰,20109,1020109,40109,24,200,Crop_109,2,phase,5,花蕾,plant/model/v4/Crop_109_5.png,https://jsq.gptvip.chat/images/plant/model/v4/Crop_109_5.png,蝴蝶兰/蝴蝶兰_05_花蕾.png,5,7200
蝴蝶兰,20109,1020109,40109,24,200,Crop_109,2,phase,6,盛开,plant/model/v4/Crop_109_6.png,https://jsq.gptvip.chat/images/plant/model/v4/Crop_109_6.png,蝴蝶兰/蝴蝶兰_06_盛开.png,6,0
银杏树苗,20025,1020025,40025,24,200,Crop_25,2,thumb,0,作物图,plant/model/v4/Crop_25_Seed.png,https://jsq.gptvip.chat/images/plant/model/v4/Crop_25_Seed.png,银杏树苗/银杏树苗_00_作物图.png,,
银杏树苗,20025,1020025,40025,24,200,Crop_25,2,phase,1,种子,plant/model/v4/Crop_1_1.png,https://jsq.gptvip.chat/images/plant/model/v4/Crop_1_1.png,银杏树苗/银杏树苗_01_种子.png,Seed,4800
银杏树苗,20025,1020025,40025,24,200,Crop_25,2,phase,2,发芽,plant/model/v4/Crop_25_2.png,https://jsq.gptvip.chat/images/plant/model/v4/Crop_25_2.png,银杏树苗/银杏树苗_02_发芽.png,2,4800
银杏树苗,20025,1020025,40025,24,200,Crop_25,2,phase,3,小叶子,plant/model/v4/Crop_25_3.png,https://jsq.gptvip.chat/images/plant/model/v4/Crop_25_3.png,银杏树苗/银杏树苗_03_小叶子.png,3,4800
银杏树苗,20025,1020025,40025,24,200,Crop_25,2,phase,4,大叶子,plant/model/v4/Crop_25_4.png,https://jsq.gptvip.chat/images/plant/model/v4/Crop_25_4.png,银杏树苗/银杏树苗_04_大叶子.png,4,7200
银杏树苗,20025,1020025,40025,24,200,Crop_25,2,phase,5,长枝,plant/model/v4/Crop_25_5.png,https://jsq.gptvip.chat/images/plant/model/v4/Crop_25_5.png,银杏树苗/银杏树苗_05_长枝.png,5,7200
银杏树苗,20025,1020025,40025,24,200,Crop_25,2,phase,6,成苗,plant/model/v4/Crop_25_6.png,https://jsq.gptvip.chat/images/plant/model/v4/Crop_25_6.png,银杏树苗/银杏树苗_06_成苗.png,6,0
风信子,20112,1020112,40112,24,200,Crop_112,2,thumb,0,作物图,plant/model/v4/Crop_112_Seed.png,https://jsq.gptvip.chat/images/plant/model/v4/Crop_112_Seed.png,风信子/风信子_00_作物图.png,,
风信子,20112,1020112,40112,24,200,Crop_112,2,phase,1,种子,plant/model/v4/Crop_1_1.png,https://jsq.gptvip.chat/images/plant/model/v4/Crop_1_1.png,风信子/风信子_01_种子.png,Seed,4800
风信子,20112,1020112,40112,24,200,Crop_112,2,phase,2,发芽,plant/model/v4/Crop_112_2.png,https://jsq.gptvip.chat/images/plant/model/v4/Crop_112_2.png,风信子/风信子_02_发芽.png,2,4800
风信子,20112,1020112,40112,24,200,Crop_112,2,phase,3,小叶子,plant/model/v4/Crop_112_3.png,https://jsq.gptvip.chat/images/plant/model/v4/Crop_112_3.png,风信子/风信子_03_小叶子.png,3,4800
风信子,20112,1020112,40112,24,200,Crop_112,2,phase,4,大叶子,plant/model/v4/Crop_112_4.png,https://jsq.gptvip.chat/images/plant/model/v4/Crop_112_4.png,风信子/风信子_04_大叶子.png,4,7200
风信子,20112,1020112,40112,24,200,Crop_112,2,phase,5,初熟,plant/model/v4/Crop_112_5.png,https://jsq.gptvip.chat/images/plant/model/v4/Crop_112_5.png,风信子/风信子_05_初熟.png,5,7200
风信子,20112,1020112,40112,24,200,Crop_112,2,phase,6,成熟,plant/model/v4/Crop_112_6.png,https://jsq.gptvip.chat/images/plant/model/v4/Crop_112_6.png,风信子/风信子_06_成熟.png,6,0
白萝卜,20002,1020002,40002,5,1,Crop_2,1,thumb,0,作物图,plant/model/v4/Crop_2_6.png,https://jsq.gptvip.chat/images/plant/model/v4/Crop_2_6.png,白萝卜/白萝卜_00_作物图.png,,
白萝卜,20002,1020002,40002,5,1,Crop_2,1,phase,1,种子,plant/model/v4/Crop_1_1.png,https://jsq.gptvip.chat/images/plant/model/v4/Crop_1_1.png,白萝卜/白萝卜_01_种子.png,Seed,30
白萝卜,20002,1020002,40002,5,1,Crop_2,1,phase,2,发芽,plant/model/v4/Crop_2_3.png,https://jsq.gptvip.chat/images/plant/model/v4/Crop_2_3.png,白萝卜/白萝卜_02_发芽.png,3,30
白萝卜,20002,1020002,40002,5,1,Crop_2,1,phase,3,成熟,plant/model/v4/Crop_2_6.png,https://jsq.gptvip.chat/images/plant/model/v4/Crop_2_6.png,白萝卜/白萝卜_03_成熟.png,6,0
胡萝卜,20003,1020003,40003,10,2,Crop_3,1,thumb,0,作物图,plant/model/v4/Crop_3_Seed.png,https://jsq.gptvip.chat/images/plant/model/v4/Crop_3_Seed.png,胡萝卜/胡萝卜_00_作物图.png,,
胡萝卜,20003,1020003,40003,10,2,Crop_3,1,phase,1,种子,plant/model/v4/Crop_1_1.png,https://jsq.gptvip.chat/images/plant/model/v4/Crop_1_1.png,胡萝卜/胡萝卜_01_种子.png,Seed,30
胡萝卜,20003,1020003,40003,10,2,Crop_3,1,phase,2,发芽,plant/model/v4/Crop_3_2.png,https://jsq.gptvip.chat/images/plant/model/v4/Crop_3_2.png,胡萝卜/胡萝卜_02_发芽.png,2,30
胡萝卜,20003,1020003,40003,10,2,Crop_3,1,phase,3,小叶子,plant/model/v4/Crop_3_3.png,https://jsq.gptvip.chat/images/plant/model/v4/Crop_3_3.png,胡萝卜/胡萝卜_03_小叶子.png,3,30
胡萝卜,20003,1020003,40003,10,2,Crop_3,1,phase,4,大叶子,plant/model/v4/Crop_3_5.png,https://jsq.gptvip.chat/images/plant/model/v4/Crop_3_5.png,胡萝卜/胡萝卜_04_大叶子.png,5,30
胡萝卜,20003,1020003,40003,10,2,Crop_3,1,phase,5,成熟,plant/model/v4/Crop_3_6.png,https://jsq.gptvip.chat/images/plant/model/v4/Crop_3_6.png,胡萝卜/胡萝卜_05_成熟.png,6,0
大白菜,20059,1020059,40059,20,3,Crop_59,1,thumb,0,作物图,plant/model/v4/Crop_59_Seed.png,https://jsq.gptvip.chat/images/plant/model/v4/Crop_59_Seed.png,大白菜/大白菜_00_作物图.png,,
大白菜,20059,1020059,40059,20,3,Crop_59,1,phase,1,种子,plant/model/v4/Crop_1_1.png,https://jsq.gptvip.chat/images/plant/model/v4/Crop_1_1.png,大白菜/大白菜_01_种子.png,Seed,60
大白菜,20059,1020059,40059,20,3,Crop_59,1,phase,2,发芽,plant/model/v4/Crop_59_2.png,https://jsq.gptvip.chat/images/plant/model/v4/Crop_59_2.png,大白菜/大白菜_02_发芽.png,2,60
大白菜,20059,1020059,40059,20,3,Crop_59,1,phase,3,幼苗,plant/model/v4/Crop_59_3.png,https://jsq.gptvip.chat/images/plant/model/v4/Crop_59_3.png,大白菜/大白菜_03_幼苗.png,3,60
大白菜,20059,1020059,40059,20,3,Crop_59,1,phase,4,成株,plant/model/v4/Crop_59_4.png,https://jsq.gptvip.chat/images/plant/model/v4/Crop_59_4.png,大白菜/大白菜_04_成株.png,4,60
大白菜,20059,1020059,40059,20,3,Crop_59,1,phase,5,卷心,plant/model/v4/Crop_59_5.png,https://jsq.gptvip.chat/images/plant/model/v4/Crop_59_5.png,大白菜/大白菜_05_卷心.png,5,60
大白菜,20059,1020059,40059,20,3,Crop_59,1,phase,6,成熟,plant/model/v4/Crop_59_6.png,https://jsq.gptvip.chat/images/plant/model/v4/Crop_59_6.png,大白菜/大白菜_06_成熟.png,6,0
大蒜,20065,1020065,40065,20,4,Crop_65,1,thumb,0,作物图,plant/model/v4/Crop_65_Seed.png,https://jsq.gptvip.chat/images/plant/model/v4/Crop_65_Seed.png,大蒜/大蒜_00_作物图.png,,
大蒜,20065,1020065,40065,20,4,Crop_65,1,phase,1,种子,plant/model/v4/Crop_1_1.png,https://jsq.gptvip.chat/images/plant/model/v4/Crop_1_1.png,大蒜/大蒜_01_种子.png,Seed,120
大蒜,20065,1020065,40065,20,4,Crop_65,1,phase,2,发芽,plant/model/v4/Crop_65_2.png,https://jsq.gptvip.chat/images/plant/model/v4/Crop_65_2.png,大蒜/大蒜_02_发芽.png,2,120
大蒜,20065,1020065,40065,20,4,Crop_65,1,phase,3,幼苗,plant/model/v4/Crop_65_3.png,https://jsq.gptvip.chat/images/plant/model/v4/Crop_65_3.png,大蒜/大蒜_03_幼苗.png,3,120
大蒜,20065,1020065,40065,20,4,Crop_65,1,phase,4,伸长,plant/model/v4/Crop_65_4.png,https://jsq.gptvip.chat/images/plant/model/v4/Crop_65_4.png,大蒜/大蒜_04_伸长.png,4,120
大蒜,20065,1020065,40065,20,4,Crop_65,1,phase,5,初熟,plant/model/v4/Crop_65_5.png,https://jsq.gptvip.chat/images/plant/model/v4/Crop_65_5.png,大蒜/大蒜_05_初熟.png,5,120
大蒜,20065,1020065,40065,20,4,Crop_65,1,phase,6,成熟,plant/model/v4/Crop_65_6.png,https://jsq.gptvip.chat/images/plant/model/v4/Crop_65_6.png,大蒜/大蒜_06_成熟.png,6,0
大葱,20064,1020064,40064,30,5,Crop_64,1,thumb,0,作物图,plant/model/v4/Crop_64_Seed.png,https://jsq.gptvip.chat/images/plant/model/v4/Crop_64_Seed.png,大葱/大葱_00_作物图.png,,
大葱,20064,1020064,40064,30,5,Crop_64,1,phase,1,种子,plant/model/v4/Crop_1_1.png,https://jsq.gptvip.chat/images/plant/model/v4/Crop_1_1.png,大葱/大葱_01_种子.png,Seed,300
大葱,20064,1020064,40064,30,5,Crop_64,1,phase,2,发芽,plant/model/v4/Crop_64_2.png,https://jsq.gptvip.chat/images/plant/model/v4/Crop_64_2.png,大葱/大葱_02_发芽.png,2,300
大葱,20064,1020064,40064,30,5,Crop_64,1,phase,3,小叶子,plant/model/v4/Crop_64_3.png,https://jsq.gptvip.chat/images/plant/model/v4/Crop_64_3.png,大葱/大葱_03_小叶子.png,3,300
大葱,20064,1020064,40064,30,5,Crop_64,1,phase,4,大叶子,plant/model/v4/Crop_64_5.png,https://jsq.gptvip.chat/images/plant/model/v4/Crop_64_5.png,大葱/大葱_04_大叶子.png,5,300
大葱,20064,1020064,40064,30,5,Crop_64,1,phase,5,成熟,plant/model/v4/Crop_64_6.png,https://jsq.gptvip.chat/images/plant/model/v4/Crop_64_6.png,大葱/大葱_05_成熟.png,6,0
水稻,20060,1020060,40060,30,6,Crop_60,1,thumb,0,作物图,plant/model/v4/Crop_60_Seed.png,https://jsq.gptvip.chat/images/plant/model/v4/Crop_60_Seed.png,水稻/水稻_00_作物图.png,,
水稻,20060,1020060,40060,30,6,Crop_60,1,phase,1,种子,plant/model/v4/Crop_1_1.png,https://jsq.gptvip.chat/images/plant/model/v4/Crop_1_1.png,水稻/水稻_01_种子.png,Seed,480
水稻,20060,1020060,40060,30,6,Crop_60,1,phase,2,幼苗,plant/model/v4/Crop_60_2.png,https://jsq.gptvip.chat/images/plant/model/v4/Crop_60_2.png,水稻/水稻_02_幼苗.png,2,480
水稻,20060,1020060,40060,30,6,Crop_60,1,phase,3,秧苗,plant/model/v4/Crop_60_3.png,https://jsq.gptvip.chat/images/plant/model/v4/Crop_60_3.png,水稻/水稻_03_秧苗.png,3,480
水稻,20060,1020060,40060,30,6,Crop_60,1,phase,4,幼穗,plant/model/v4/Crop_60_4.png,https://jsq.gptvip.chat/images/plant/model/v4/Crop_60_4.png,水稻/水稻_04_幼穗.png,4,480
水稻,20060,1020060,40060,30,6,Crop_60,1,phase,5,开花,plant/model/v4/Crop_60_5.png,https://jsq.gptvip.chat/images/plant/model/v4/Crop_60_5.png,水稻/水稻_05_开花.png,5,480
水稻,20060,1020060,40060,30,6,Crop_60,1,phase,6,成熟,plant/model/v4/Crop_60_6.png,https://jsq.gptvip.chat/images/plant/model/v4/Crop_60_6.png,水稻/水稻_06_成熟.png,6,0
小麦,20061,1020061,40061,40,7,Crop_61,1,thumb,0,作物图,plant/model/v4/Crop_61_Seed.png,https://jsq.gptvip.chat/images/plant/model/v4/Crop_61_Seed.png,小麦/小麦_00_作物图.png,,
小麦,20061,1020061,40061,40,7,Crop_61,1,phase,1,种子,plant/model/v4/Crop_1_1.png,https://jsq.gptvip.chat/images/plant/model/v4/Crop_1_1.png,小麦/小麦_01_种子.png,Seed,720
小麦,20061,1020061,40061,40,7,Crop_61,1,phase,2,发芽,plant/model/v4/Crop_61_2.png,https://jsq.gptvip.chat/images/plant/model/v4/Crop_61_2.png,小麦/小麦_02_发芽.png,2,720
小麦,20061,1020061,40061,40,7,Crop_61,1,phase,3,小叶子,plant/model/v4/Crop_61_3.png,https://jsq.gptvip.chat/images/plant/model/v4/Crop_61_3.png,小麦/小麦_03_小叶子.png,3,720
小麦,20061,1020061,40061,40,7,Crop_61,1,phase,4,大叶子,plant/model/v4/Crop_61_4.png,https://jsq.gptvip.chat/images/plant/model/v4/Crop_61_4.png,小麦/小麦_04_大叶子.png,4,720
小麦,20061,1020061,40061,40,7,Crop_61,1,phase,5,幼穗,plant/model/v4/Crop_61_5.png,https://jsq.gptvip.chat/images/plant/model/v4/Crop_61_5.png,小麦/小麦_05_幼穗.png,5,720
小麦,20061,1020061,40061,40,7,Crop_61,1,phase,6,成熟,plant/model/v4/Crop_61_6.png,https://jsq.gptvip.chat/images/plant/model/v4/Crop_61_6.png,小麦/小麦_06_成熟.png,6,0
玉米,20004,1020004,40004,40,8,Crop_4,1,thumb,0,作物图,plant/model/v4/Crop_4_Seed.png,https://jsq.gptvip.chat/images/plant/model/v4/Crop_4_Seed.png,玉米/玉米_00_作物图.png,,
玉米,20004,1020004,40004,40,8,Crop_4,1,phase,1,种子,plant/model/v4/Crop_1_1.png,https://jsq.gptvip.chat/images/plant/model/v4/Crop_1_1.png,玉米/玉米_01_种子.png,Seed,960
玉米,20004,1020004,40004,40,8,Crop_4,1,phase,2,发芽,plant/model/v4/Crop_4_2.png,https://jsq.gptvip.chat/images/plant/model/v4/Crop_4_2.png,玉米/玉米_02_发芽.png,2,960
玉米,20004,1020004,40004,40,8,Crop_4,1,phase,3,小叶子,plant/model/v4/Crop_4_3.png,https://jsq.gptvip.chat/images/plant/model/v4/Crop_4_3.png,玉米/玉米_03_小叶子.png,3,960
玉米,20004,1020004,40004,40,8,Crop_4,1,phase,4,大叶子,plant/model/v4/Crop_4_4.png,https://jsq.gptvip.chat/images/plant/model/v4/Crop_4_4.png,玉米/玉米_04_大叶子.png,4,960
玉米,20004,1020004,40004,40,8,Crop_4,1,phase,5,开花,plant/model/v4/Crop_4_5.png,https://jsq.gptvip.chat/images/plant/model/v4/Crop_4_5.png,玉米/玉米_05_开花.png,5,960
玉米,20004,1020004,40004,40,8,Crop_4,1,phase,6,成熟,plant/model/v4/Crop_4_6.png,https://jsq.gptvip.chat/images/plant/model/v4/Crop_4_6.png,玉米/玉米_06_成熟.png,6,0
鲜姜,20066,1020066,40066,60,9,Crop_66,1,thumb,0,作物图,plant/model/v4/Crop_66_Seed.png,https://jsq.gptvip.chat/images/plant/model/v4/Crop_66_Seed.png,鲜姜/鲜姜_00_作物图.png,,
鲜姜,20066,1020066,40066,60,9,Crop_66,1,phase,1,种子,plant/model/v4/Crop_1_1.png,https://jsq.gptvip.chat/images/plant/model/v4/Crop_1_1.png,鲜姜/鲜姜_01_种子.png,Seed,1500
鲜姜,20066,1020066,40066,60,9,Crop_66,1,phase,2,发芽,plant/model/v4/Crop_66_2.png,https://jsq.gptvip.chat/images/plant/model/v4/Crop_66_2.png,鲜姜/鲜姜_02_发芽.png,2,1500
鲜姜,20066,1020066,40066,60,9,Crop_66,1,phase,3,小叶子,plant/model/v4/Crop_66_3.png,https://jsq.gptvip.chat/images/plant/model/v4/Crop_66_3.png,鲜姜/鲜姜_03_小叶子.png,3,1500
鲜姜,20066,1020066,40066,60,9,Crop_66,1,phase,4,大叶子,plant/model/v4/Crop_66_5.png,https://jsq.gptvip.chat/images/plant/model/v4/Crop_66_5.png,鲜姜/鲜姜_04_大叶子.png,5,1500
鲜姜,20066,1020066,40066,60,9,Crop_66,1,phase,5,成熟,plant/model/v4/Crop_66_6.png,https://jsq.gptvip.chat/images/plant/model/v4/Crop_66_6.png,鲜姜/鲜姜_05_成熟.png,6,0
土豆,20005,1020005,40005,60,10,Crop_5,1,thumb,0,作物图,plant/model/v4/Crop_5_Seed.png,https://jsq.gptvip.chat/images/plant/model/v4/Crop_5_Seed.png,土豆/土豆_00_作物图.png,,
土豆,20005,1020005,40005,60,10,Crop_5,1,phase,1,种子,plant/model/v4/Crop_1_1.png,https://jsq.gptvip.chat/images/plant/model/v4/Crop_1_1.png,土豆/土豆_01_种子.png,Seed,1440
土豆,20005,1020005,40005,60,10,Crop_5,1,phase,2,发芽,plant/model/v4/Crop_5_2.png,https://jsq.gptvip.chat/images/plant/model/v4/Crop_5_2.png,土豆/土豆_02_发芽.png,2,1440
土豆,20005,1020005,40005,60,10,Crop_5,1,phase,3,小叶子,plant/model/v4/Crop_5_3.png,https://jsq.gptvip.chat/images/plant/model/v4/Crop_5_3.png,土豆/土豆_03_小叶子.png,3,1440
土豆,20005,1020005,40005,60,10,Crop_5,1,phase,4,大叶子,plant/model/v4/Crop_5_4.png,https://jsq.gptvip.chat/images/plant/model/v4/Crop_5_4.png,土豆/土豆_04_大叶子.png,4,1440
土豆,20005,1020005,40005,60,10,Crop_5,1,phase,5,初熟,plant/model/v4/Crop_5_5.png,https://jsq.gptvip.chat/images/plant/model/v4/Crop_5_5.png,土豆/土豆_05_初熟.png,5,1440
土豆,20005,1020005,40005,60,10,Crop_5,1,phase,6,成熟,plant/model/v4/Crop_5_6.png,https://jsq.gptvip.chat/images/plant/model/v4/Crop_5_6.png,土豆/土豆_06_成熟.png,6,0
小白菜,20071,1020071,40071,80,11,Crop_71,1,thumb,0,作物图,plant/model/v4/Crop_71_Seed.png,https://jsq.gptvip.chat/images/plant/model/v4/Crop_71_Seed.png,小白菜/小白菜_00_作物图.png,,
小白菜,20071,1020071,40071,80,11,Crop_71,1,phase,1,种子,plant/model/v4/Crop_1_1.png,https://jsq.gptvip.chat/images/plant/model/v4/Crop_1_1.png,小白菜/小白菜_01_种子.png,Seed,2250
小白菜,20071,1020071,40071,80,11,Crop_71,1,phase,2,发芽,plant/model/v4/Crop_71_2.png,https://jsq.gptvip.chat/images/plant/model/v4/Crop_71_2.png,小白菜/小白菜_02_发芽.png,2,2250
小白菜,20071,1020071,40071,80,11,Crop_71,1,phase,3,小叶子,plant/model/v4/Crop_71_3.png,https://jsq.gptvip.chat/images/plant/model/v4/Crop_71_3.png,小白菜/小白菜_03_小叶子.png,3,2250
小白菜,20071,1020071,40071,80,11,Crop_71,1,phase,4,大叶子,plant/model/v4/Crop_71_5.png,https://jsq.gptvip.chat/images/plant/model/v4/Crop_71_5.png,小白菜/小白菜_04_大叶子.png,5,2250
小白菜,20071,1020071,40071,80,11,Crop_71,1,phase,5,成熟,plant/model/v4/Crop_71_6.png,https://jsq.gptvip.chat/images/plant/model/v4/Crop_71_6.png,小白菜/小白菜_05_成熟.png,6,0
生菜,20096,1020096,40096,80,12,Crop_96,1,thumb,0,作物图,plant/model/v4/Crop_96_Seed.png,https://jsq.gptvip.chat/images/plant/model/v4/Crop_96_Seed.png,生菜/生菜_00_作物图.png,,
生菜,20096,1020096,40096,80,12,Crop_96,1,phase,1,种子,plant/model/v4/Crop_1_1.png,https://jsq.gptvip.chat/images/plant/model/v4/Crop_1_1.png,生菜/生菜_01_种子.png,Seed,2160
生菜,20096,1020096,40096,80,12,Crop_96,1,phase,2,发芽,plant/model/v4/Crop_96_2.png,https://jsq.gptvip.chat/images/plant/model/v4/Crop_96_2.png,生菜/生菜_02_发芽.png,2,2160
生菜,20096,1020096,40096,80,12,Crop_96,1,phase,3,小叶子,plant/model/v4/Crop_96_3.png,https://jsq.gptvip.chat/images/plant/model/v4/Crop_96_3.png,生菜/生菜_03_小叶子.png,3,2160
生菜,20096,1020096,40096,80,12,Crop_96,1,phase,4,大叶子,plant/model/v4/Crop_96_4.png,https://jsq.gptvip.chat/images/plant/model/v4/Crop_96_4.png,生菜/生菜_04_大叶子.png,4,2160
生菜,20096,1020096,40096,80,12,Crop_96,1,phase,5,初熟,plant/model/v4/Crop_96_5.png,https://jsq.gptvip.chat/images/plant/model/v4/Crop_96_5.png,生菜/生菜_05_初熟.png,5,2160
生菜,20096,1020096,40096,80,12,Crop_96,1,phase,6,成熟,plant/model/v4/Crop_96_6.png,https://jsq.gptvip.chat/images/plant/model/v4/Crop_96_6.png,生菜/生菜_06_成熟.png,6,0
油菜,20099,1020099,40099,200,13,Crop_99,1,thumb,0,作物图,plant/model/v4/Crop_99_Seed.png,https://jsq.gptvip.chat/images/plant/model/v4/Crop_99_Seed.png,油菜/油菜_00_作物图.png,,
油菜,20099,1020099,40099,200,13,Crop_99,1,phase,1,种子,plant/model/v4/Crop_1_1.png,https://jsq.gptvip.chat/images/plant/model/v4/Crop_1_1.png,油菜/油菜_01_种子.png,Seed,3600
油菜,20099,1020099,40099,200,13,Crop_99,1,phase,2,发芽,plant/model/v4/Crop_99_2.png,https://jsq.gptvip.chat/images/plant/model/v4/Crop_99_2.png,油菜/油菜_02_发芽.png,2,3600
油菜,20099,1020099,40099,200,13,Crop_99,1,phase,3,小叶子,plant/model/v4/Crop_99_3.png,https://jsq.gptvip.chat/images/plant/model/v4/Crop_99_3.png,油菜/油菜_03_小叶子.png,3,3600
油菜,20099,1020099,40099,200,13,Crop_99,1,phase,4,大叶子,plant/model/v4/Crop_99_5.png,https://jsq.gptvip.chat/images/plant/model/v4/Crop_99_5.png,油菜/油菜_04_大叶子.png,5,3600
油菜,20099,1020099,40099,200,13,Crop_99,1,phase,5,成熟,plant/model/v4/Crop_99_6.png,https://jsq.gptvip.chat/images/plant/model/v4/Crop_99_6.png,油菜/油菜_05_成熟.png,6,0
茄子,20006,1020006,40006,200,14,Crop_6,1,thumb,0,作物图,plant/model/v4/Crop_6_Seed.png,https://jsq.gptvip.chat/images/plant/model/v4/Crop_6_Seed.png,茄子/茄子_00_作物图.png,,
茄子,20006,1020006,40006,200,14,Crop_6,1,phase,1,种子,plant/model/v4/Crop_1_1.png,https://jsq.gptvip.chat/images/plant/model/v4/Crop_1_1.png,茄子/茄子_01_种子.png,Seed,5760
茄子,20006,1020006,40006,200,14,Crop_6,1,phase,2,发芽,plant/model/v4/Crop_6_2.png,https://jsq.gptvip.chat/images/plant/model/v4/Crop_6_2.png,茄子/茄子_02_发芽.png,2,5760
茄子,20006,1020006,40006,200,14,Crop_6,1,phase,3,小叶子,plant/model/v4/Crop_6_3.png,https://jsq.gptvip.chat/images/plant/model/v4/Crop_6_3.png,茄子/茄子_03_小叶子.png,3,5760
茄子,20006,1020006,40006,200,14,Crop_6,1,phase,4,大叶子,plant/model/v4/Crop_6_4.png,https://jsq.gptvip.chat/images/plant/model/v4/Crop_6_4.png,茄子/茄子_04_大叶子.png,4,5760
茄子,20006,1020006,40006,200,14,Crop_6,1,phase,5,开花,plant/model/v4/Crop_6_5.png,https://jsq.gptvip.chat/images/plant/model/v4/Crop_6_5.png,茄子/茄子_05_开花.png,5,5760
茄子,20006,1020006,40006,200,14,Crop_6,1,phase,6,成熟,plant/model/v4/Crop_6_6.png,https://jsq.gptvip.chat/images/plant/model/v4/Crop_6_6.png,茄子/茄子_06_成熟.png,6,0
红枣,20051,1020051,40051,200,15,Crop_51,1,thumb,0,作物图,plant/model/v4/Crop_51_Seed.png,https://jsq.gptvip.chat/images/plant/model/v4/Crop_51_Seed.png,红枣/红枣_00_作物图.png,,
红枣,20051,1020051,40051,200,15,Crop_51,1,phase,1,种子,plant/model/v4/Crop_1_1.png,https://jsq.gptvip.chat/images/plant/model/v4/Crop_1_1.png,红枣/红枣_01_种子.png,Seed,8640
红枣,20051,1020051,40051,200,15,Crop_51,1,phase,2,发芽,plant/model/v4/Crop_51_2.png,https://jsq.gptvip.chat/images/plant/model/v4/Crop_51_2.png,红枣/红枣_02_发芽.png,2,8640
红枣,20051,1020051,40051,200,15,Crop_51,1,phase,3,小叶子,plant/model/v4/Crop_51_3.png,https://jsq.gptvip.chat/images/plant/model/v4/Crop_51_3.png,红枣/红枣_03_小叶子.png,3,8640
红枣,20051,1020051,40051,200,15,Crop_51,1,phase,4,大叶子,plant/model/v4/Crop_51_4.png,https://jsq.gptvip.chat/images/plant/model/v4/Crop_51_4.png,红枣/红枣_04_大叶子.png,4,8640
红枣,20051,1020051,40051,200,15,Crop_51,1,phase,5,开花,plant/model/v4/Crop_51_5.png,https://jsq.gptvip.chat/images/plant/model/v4/Crop_51_5.png,红枣/红枣_05_开花.png,5,8640
红枣,20051,1020051,40051,200,15,Crop_51,1,phase,6,成熟,plant/model/v4/Crop_51_6.png,https://jsq.gptvip.chat/images/plant/model/v4/Crop_51_6.png,红枣/红枣_06_成熟.png,6,0
蒲公英,20120,1020120,40120,200,16,Crop_120,1,thumb,0,作物图,plant/model/v4/Crop_120_Seed.png,https://jsq.gptvip.chat/images/plant/model/v4/Crop_120_Seed.png,蒲公英/蒲公英_00_作物图.png,,
蒲公英,20120,1020120,40120,200,16,Crop_120,1,phase,1,种子,plant/model/v4/Crop_1_1.png,https://jsq.gptvip.chat/images/plant/model/v4/Crop_1_1.png,蒲公英/蒲公英_01_种子.png,Seed,17280
蒲公英,20120,1020120,40120,200,16,Crop_120,1,phase,2,小叶子,plant/model/v4/Crop_120_2.png,https://jsq.gptvip.chat/images/plant/model/v4/Crop_120_2.png,蒲公英/蒲公英_02_小叶子.png,2,17280
蒲公英,20120,1020120,40120,200,16,Crop_120,1,phase,3,大叶子,plant/model/v4/Crop_120_3.png,https://jsq.gptvip.chat/images/plant/model/v4/Crop_120_3.png,蒲公英/蒲公英_03_大叶子.png,3,17280
蒲公英,20120,1020120,40120,200,16,Crop_120,1,phase,4,花蕾,plant/model/v4/Crop_120_4.png,https://jsq.gptvip.chat/images/plant/model/v4/Crop_120_4.png,蒲公英/蒲公英_04_花蕾.png,4,17280
蒲公英,20120,1020120,40120,200,16,Crop_120,1,phase,5,盛开,plant/model/v4/Crop_120_5.png,https://jsq.gptvip.chat/images/plant/model/v4/Crop_120_5.png,蒲公英/蒲公英_05_盛开.png,5,17280
蒲公英,20120,1020120,40120,200,16,Crop_120,1,phase,6,成熟,plant/model/v4/Crop_120_6.png,https://jsq.gptvip.chat/images/plant/model/v4/Crop_120_6.png,蒲公英/蒲公英_06_成熟.png,6,0
银莲花,20259,1020259,40259,200,17,Crop_259,1,thumb,0,作物图,plant/model/v4/Crop_259_Seed.png,https://jsq.gptvip.chat/images/plant/model/v4/Crop_259_Seed.png,银莲花/银莲花_00_作物图.png,,
银莲花,20259,1020259,40259,200,17,Crop_259,1,phase,1,种子,plant/model/v4/Crop_1_1.png,https://jsq.gptvip.chat/images/plant/model/v4/Crop_1_1.png,银莲花/银莲花_01_种子.png,Seed,2880
银莲花,20259,1020259,40259,200,17,Crop_259,1,phase,2,发芽,plant/model/v4/Crop_259_2.png,https://jsq.gptvip.chat/images/plant/model/v4/Crop_259_2.png,银莲花/银莲花_02_发芽.png,2,2880
银莲花,20259,1020259,40259,200,17,Crop_259,1,phase,3,小叶,plant/model/v4/Crop_259_3.png,https://jsq.gptvip.chat/images/plant/model/v4/Crop_259_3.png,银莲花/银莲花_03_小叶.png,3,2880
银莲花,20259,1020259,40259,200,17,Crop_259,1,phase,4,大叶,plant/model/v4/Crop_259_4.png,https://jsq.gptvip.chat/images/plant/model/v4/Crop_259_4.png,银莲花/银莲花_04_大叶.png,4,2880
银莲花,20259,1020259,40259,200,17,Crop_259,1,phase,5,花蕾,plant/model/v4/Crop_259_5.png,https://jsq.gptvip.chat/images/plant/model/v4/Crop_259_5.png,银莲花/银莲花_05_花蕾.png,5,2880
银莲花,20259,1020259,40259,200,17,Crop_259,1,phase,6,开花,plant/model/v4/Crop_259_6.png,https://jsq.gptvip.chat/images/plant/model/v4/Crop_259_6.png,银莲花/银莲花_06_开花.png,6,0
番茄,20007,1020007,40007,200,18,Crop_7,1,thumb,0,作物图,plant/model/v4/Crop_7_Seed.png,https://jsq.gptvip.chat/images/plant/model/v4/Crop_7_Seed.png,番茄/番茄_00_作物图.png,,
番茄,20007,1020007,40007,200,18,Crop_7,1,phase,1,种子,plant/model/v4/Crop_1_1.png,https://jsq.gptvip.chat/images/plant/model/v4/Crop_1_1.png,番茄/番茄_01_种子.png,Seed,5760
番茄,20007,1020007,40007,200,18,Crop_7,1,phase,2,发芽,plant/model/v4/Crop_7_2.png,https://jsq.gptvip.chat/images/plant/model/v4/Crop_7_2.png,番茄/番茄_02_发芽.png,2,5760
番茄,20007,1020007,40007,200,18,Crop_7,1,phase,3,小叶子,plant/model/v4/Crop_7_3.png,https://jsq.gptvip.chat/images/plant/model/v4/Crop_7_3.png,番茄/番茄_03_小叶子.png,3,5760
番茄,20007,1020007,40007,200,18,Crop_7,1,phase,4,大叶子,plant/model/v4/Crop_7_4.png,https://jsq.gptvip.chat/images/plant/model/v4/Crop_7_4.png,番茄/番茄_04_大叶子.png,4,5760
番茄,20007,1020007,40007,200,18,Crop_7,1,phase,5,开花,plant/model/v4/Crop_7_5.png,https://jsq.gptvip.chat/images/plant/model/v4/Crop_7_5.png,番茄/番茄_05_开花.png,5,5760
番茄,20007,1020007,40007,200,18,Crop_7,1,phase,6,成熟,plant/model/v4/Crop_7_6.png,https://jsq.gptvip.chat/images/plant/model/v4/Crop_7_6.png,番茄/番茄_06_成熟.png,6,0
花菜,20098,1020098,40098,200,19,Crop_98,1,thumb,0,作物图,plant/model/v4/Crop_98_Seed.png,https://jsq.gptvip.chat/images/plant/model/v4/Crop_98_Seed.png,花菜/花菜_00_作物图.png,,
花菜,20098,1020098,40098,200,19,Crop_98,1,phase,1,种子,plant/model/v4/Crop_1_1.png,https://jsq.gptvip.chat/images/plant/model/v4/Crop_1_1.png,花菜/花菜_01_种子.png,Seed,8640
花菜,20098,1020098,40098,200,19,Crop_98,1,phase,2,发芽,plant/model/v4/Crop_98_2.png,https://jsq.gptvip.chat/images/plant/model/v4/Crop_98_2.png,花菜/花菜_02_发芽.png,2,8640
花菜,20098,1020098,40098,200,19,Crop_98,1,phase,3,幼苗,plant/model/v4/Crop_98_3.png,https://jsq.gptvip.chat/images/plant/model/v4/Crop_98_3.png,花菜/花菜_03_幼苗.png,3,8640
花菜,20098,1020098,40098,200,19,Crop_98,1,phase,4,卷心,plant/model/v4/Crop_98_4.png,https://jsq.gptvip.chat/images/plant/model/v4/Crop_98_4.png,花菜/花菜_04_卷心.png,4,8640
花菜,20098,1020098,40098,200,19,Crop_98,1,phase,5,初熟,plant/model/v4/Crop_98_5.png,https://jsq.gptvip.chat/images/plant/model/v4/Crop_98_5.png,花菜/花菜_05_初熟.png,5,8640
花菜,20098,1020098,40098,200,19,Crop_98,1,phase,6,成熟,plant/model/v4/Crop_98_6.png,https://jsq.gptvip.chat/images/plant/model/v4/Crop_98_6.png,花菜/花菜_06_成熟.png,6,0
韭菜,20305,1020305,40305,200,20,Crop_305,1,thumb,0,作物图,plant/model/v4/Crop_305_Seed.png,https://jsq.gptvip.chat/images/plant/model/v4/Crop_305_Seed.png,韭菜/韭菜_00_作物图.png,,
韭菜,20305,1020305,40305,200,20,Crop_305,1,phase,1,种子,plant/model/v4/Crop_1_1.png,https://jsq.gptvip.chat/images/plant/model/v4/Crop_1_1.png,韭菜/韭菜_01_种子.png,Seed,17280
韭菜,20305,1020305,40305,200,20,Crop_305,1,phase,2,发芽,plant/model/v4/Crop_305_2.png,https://jsq.gptvip.chat/images/plant/model/v4/Crop_305_2.png,韭菜/韭菜_02_发芽.png,2,17280
韭菜,20305,1020305,40305,200,20,Crop_305,1,phase,3,小叶子,plant/model/v4/Crop_305_3.png,https://jsq.gptvip.chat/images/plant/model/v4/Crop_305_3.png,韭菜/韭菜_03_小叶子.png,3,17280
韭菜,20305,1020305,40305,200,20,Crop_305,1,phase,4,大叶子,plant/model/v4/Crop_305_4.png,https://jsq.gptvip.chat/images/plant/model/v4/Crop_305_4.png,韭菜/韭菜_04_大叶子.png,4,17280
韭菜,20305,1020305,40305,200,20,Crop_305,1,phase,5,初熟,plant/model/v4/Crop_305_5.png,https://jsq.gptvip.chat/images/plant/model/v4/Crop_305_5.png,韭菜/韭菜_05_初熟.png,5,17280
韭菜,20305,1020305,40305,200,20,Crop_305,1,phase,6,成熟,plant/model/v4/Crop_305_6.png,https://jsq.gptvip.chat/images/plant/model/v4/Crop_305_6.png,韭菜/韭菜_06_成熟.png,6,0
小雏菊,20105,1020105,40105,200,21,Crop_105,1,thumb,0,作物图,plant/model/v4/Crop_105_Seed.png,https://jsq.gptvip.chat/images/plant/model/v4/Crop_105_Seed.png,小雏菊/小雏菊_00_作物图.png,,
小雏菊,20105,1020105,40105,200,21,Crop_105,1,phase,1,种子,plant/model/v4/Crop_1_1.png,https://jsq.gptvip.chat/images/plant/model/v4/Crop_1_1.png,小雏菊/小雏菊_01_种子.png,Seed,2880
小雏菊,20105,1020105,40105,200,21,Crop_105,1,phase,2,发芽,plant/model/v4/Crop_105_2.png,https://jsq.gptvip.chat/images/plant/model/v4/Crop_105_2.png,小雏菊/小雏菊_02_发芽.png,2,2880
小雏菊,20105,1020105,40105,200,21,Crop_105,1,phase,3,小叶子,plant/model/v4/Crop_105_3.png,https://jsq.gptvip.chat/images/plant/model/v4/Crop_105_3.png,小雏菊/小雏菊_03_小叶子.png,3,2880
小雏菊,20105,1020105,40105,200,21,Crop_105,1,phase,4,大叶子,plant/model/v4/Crop_105_4.png,https://jsq.gptvip.chat/images/plant/model/v4/Crop_105_4.png,小雏菊/小雏菊_04_大叶子.png,4,2880
小雏菊,20105,1020105,40105,200,21,Crop_105,1,phase,5,初熟,plant/model/v4/Crop_105_5.png,https://jsq.gptvip.chat/images/plant/model/v4/Crop_105_5.png,小雏菊/小雏菊_05_初熟.png,5,2880
小雏菊,20105,1020105,40105,200,21,Crop_105,1,phase,6,成熟,plant/model/v4/Crop_105_6.png,https://jsq.gptvip.chat/images/plant/model/v4/Crop_105_6.png,小雏菊/小雏菊_06_成熟.png,6,0
豌豆,20008,1020008,40008,200,22,Crop_8,1,thumb,0,作物图,plant/model/v4/Crop_8_Seed.png,https://jsq.gptvip.chat/images/plant/model/v4/Crop_8_Seed.png,豌豆/豌豆_00_作物图.png,,
豌豆,20008,1020008,40008,200,22,Crop_8,1,phase,1,种子,plant/model/v4/Crop_1_1.png,https://jsq.gptvip.chat/images/plant/model/v4/Crop_1_1.png,豌豆/豌豆_01_种子.png,Seed,5760
豌豆,20008,1020008,40008,200,22,Crop_8,1,phase,2,发芽,plant/model/v4/Crop_8_2.png,https://jsq.gptvip.chat/images/plant/model/v4/Crop_8_2.png,豌豆/豌豆_02_发芽.png,2,5760
豌豆,20008,1020008,40008,200,22,Crop_8,1,phase,3,小叶子,plant/model/v4/Crop_8_3.png,https://jsq.gptvip.chat/images/plant/model/v4/Crop_8_3.png,豌豆/豌豆_03_小叶子.png,3,5760
豌豆,20008,1020008,40008,200,22,Crop_8,1,phase,4,大叶子,plant/model/v4/Crop_8_4.png,https://jsq.gptvip.chat/images/plant/model/v4/Crop_8_4.png,豌豆/豌豆_04_大叶子.png,4,5760
豌豆,20008,1020008,40008,200,22,Crop_8,1,phase,5,初熟,plant/model/v4/Crop_8_5.png,https://jsq.gptvip.chat/images/plant/model/v4/Crop_8_5.png,豌豆/豌豆_05_初熟.png,5,5760
豌豆,20008,1020008,40008,200,22,Crop_8,1,phase,6,成熟,plant/model/v4/Crop_8_6.png,https://jsq.gptvip.chat/images/plant/model/v4/Crop_8_6.png,豌豆/豌豆_06_成熟.png,6,0
莲藕,20037,1020037,40037,200,23,Crop_37,1,thumb,0,作物图,plant/model/v4/Crop_37_Seed.png,https://jsq.gptvip.chat/images/plant/model/v4/Crop_37_Seed.png,莲藕/莲藕_00_作物图.png,,
莲藕,20037,1020037,40037,200,23,Crop_37,1,phase,1,种子,plant/model/v4/Crop_1_1.png,https://jsq.gptvip.chat/images/plant/model/v4/Crop_1_1.png,莲藕/莲藕_01_种子.png,Seed,8640
莲藕,20037,1020037,40037,200,23,Crop_37,1,phase,2,发芽,plant/model/v4/Crop_37_2.png,https://jsq.gptvip.chat/images/plant/model/v4/Crop_37_2.png,莲藕/莲藕_02_发芽.png,2,8640
莲藕,20037,1020037,40037,200,23,Crop_37,1,phase,3,小叶子,plant/model/v4/Crop_37_3.png,https://jsq.gptvip.chat/images/plant/model/v4/Crop_37_3.png,莲藕/莲藕_03_小叶子.png,3,8640
莲藕,20037,1020037,40037,200,23,Crop_37,1,phase,4,大叶子,plant/model/v4/Crop_37_4.png,https://jsq.gptvip.chat/images/plant/model/v4/Crop_37_4.png,莲藕/莲藕_04_大叶子.png,4,8640
莲藕,20037,1020037,40037,200,23,Crop_37,1,phase,5,开花,plant/model/v4/Crop_37_5.png,https://jsq.gptvip.chat/images/plant/model/v4/Crop_37_5.png,莲藕/莲藕_05_开花.png,5,8640
莲藕,20037,1020037,40037,200,23,Crop_37,1,phase,6,成熟,plant/model/v4/Crop_37_6.png,https://jsq.gptvip.chat/images/plant/model/v4/Crop_37_6.png,莲藕/莲藕_06_成熟.png,6,0
红玫瑰,20041,1020041,40041,200,24,Crop_41,1,thumb,0,作物图,plant/model/v4/Crop_41_Seed.png,https://jsq.gptvip.chat/images/plant/model/v4/Crop_41_Seed.png,红玫瑰/红玫瑰_00_作物图.png,,
红玫瑰,20041,1020041,40041,200,24,Crop_41,1,phase,1,种子,plant/model/v4/Crop_1_1.png,https://jsq.gptvip.chat/images/plant/model/v4/Crop_1_1.png,红玫瑰/红玫瑰_01_种子.png,Seed,17280
红玫瑰,20041,1020041,40041,200,24,Crop_41,1,phase,2,发芽,plant/model/v4/Crop_41_2.png,https://jsq.gptvip.chat/images/plant/model/v4/Crop_41_2.png,红玫瑰/红玫瑰_02_发芽.png,2,17280
红玫瑰,20041,1020041,40041,200,24,Crop_41,1,phase,3,小叶子,plant/model/v4/Crop_41_3.png,https://jsq.gptvip.chat/images/plant/model/v4/Crop_41_3.png,红玫瑰/红玫瑰_03_小叶子.png,3,17280
红玫瑰,20041,1020041,40041,200,24,Crop_41,1,phase,4,大叶子,plant/model/v4/Crop_41_4.png,https://jsq.gptvip.chat/images/plant/model/v4/Crop_41_4.png,红玫瑰/红玫瑰_04_大叶子.png,4,17280
红玫瑰,20041,1020041,40041,200,24,Crop_41,1,phase,5,初熟,plant/model/v4/Crop_41_5.png,https://jsq.gptvip.chat/images/plant/model/v4/Crop_41_5.png,红玫瑰/红玫瑰_05_初熟.png,5,17280
红玫瑰,20041,1020041,40041,200,24,Crop_41,1,phase,6,成熟,plant/model/v4/Crop_41_6.png,https://jsq.gptvip.chat/images/plant/model/v4/Crop_41_6.png,红玫瑰/红玫瑰_06_成熟.png,6,0
秋菊（黄色）,20161,1020161,40161,200,25,Crop_161,1,thumb,0,作物图,plant/model/v4/Crop_161_Seed.png,https://jsq.gptvip.chat/images/plant/model/v4/Crop_161_Seed.png,秋菊（黄色）/秋菊（黄色）_00_作物图.png,,
秋菊（黄色）,20161,1020161,40161,200,25,Crop_161,1,phase,1,种子,plant/model/v4/Crop_1_1.png,https://jsq.gptvip.chat/images/plant/model/v4/Crop_1_1.png,秋菊（黄色）/秋菊（黄色）_01_种子.png,Seed,2880
秋菊（黄色）,20161,1020161,40161,200,25,Crop_161,1,phase,2,发芽,plant/model/v4/Crop_161_2.png,https://jsq.gptvip.chat/images/plant/model/v4/Crop_161_2.png,秋菊（黄色）/秋菊（黄色）_02_发芽.png,2,2880
秋菊（黄色）,20161,1020161,40161,200,25,Crop_161,1,phase,3,小叶子,plant/model/v4/Crop_161_3.png,https://jsq.gptvip.chat/images/plant/model/v4/Crop_161_3.png,秋菊（黄色）/秋菊（黄色）_03_小叶子.png,3,2880
秋菊（黄色）,20161,1020161,40161,200,25,Crop_161,1,phase,4,大叶子,plant/model/v4/Crop_161_4.png,https://jsq.gptvip.chat/images/plant/model/v4/Crop_161_4.png,秋菊（黄色）/秋菊（黄色）_04_大叶子.png,4,2880
秋菊（黄色）,20161,1020161,40161,200,25,Crop_161,1,phase,5,花蕾,plant/model/v4/Crop_161_5.png,https://jsq.gptvip.chat/images/plant/model/v4/Crop_161_5.png,秋菊（黄色）/秋菊（黄色）_05_花蕾.png,5,2880
秋菊（黄色）,20161,1020161,40161,200,25,Crop_161,1,phase,6,盛开,plant/model/v4/Crop_161_6.png,https://jsq.gptvip.chat/images/plant/model/v4/Crop_161_6.png,秋菊（黄色）/秋菊（黄色）_06_盛开.png,6,0
满天星,20110,1020110,40110,200,26,Crop_110,1,thumb,0,作物图,plant/model/v4/Crop_110_Seed.png,https://jsq.gptvip.chat/images/plant/model/v4/Crop_110_Seed.png,满天星/满天星_00_作物图.png,,
满天星,20110,1020110,40110,200,26,Crop_110,1,phase,1,种子,plant/model/v4/Crop_1_1.png,https://jsq.gptvip.chat/images/plant/model/v4/Crop_1_1.png,满天星/满天星_01_种子.png,Seed,5760
满天星,20110,1020110,40110,200,26,Crop_110,1,phase,2,发芽,plant/model/v4/Crop_110_2.png,https://jsq.gptvip.chat/images/plant/model/v4/Crop_110_2.png,满天星/满天星_02_发芽.png,2,5760
满天星,20110,1020110,40110,200,26,Crop_110,1,phase,3,小叶子,plant/model/v4/Crop_110_3.png,https://jsq.gptvip.chat/images/plant/model/v4/Crop_110_3.png,满天星/满天星_03_小叶子.png,3,5760
满天星,20110,1020110,40110,200,26,Crop_110,1,phase,4,大叶子,plant/model/v4/Crop_110_4.png,https://jsq.gptvip.chat/images/plant/model/v4/Crop_110_4.png,满天星/满天星_04_大叶子.png,4,5760
满天星,20110,1020110,40110,200,26,Crop_110,1,phase,5,花蕾,plant/model/v4/Crop_110_5.png,https://jsq.gptvip.chat/images/plant/model/v4/Crop_110_5.png,满天星/满天星_05_花蕾.png,5,5760
满天星,20110,1020110,40110,200,26,Crop_110,1,phase,6,盛开,plant/model/v4/Crop_110_6.png,https://jsq.gptvip.chat/images/plant/model/v4/Crop_110_6.png,满天星/满天星_06_盛开.png,6,0
含羞草,20143,1020143,40143,200,27,Crop_143,1,thumb,0,作物图,plant/model/v4/Crop_143_Seed.png,https://jsq.gptvip.chat/images/plant/model/v4/Crop_143_Seed.png,含羞草/含羞草_00_作物图.png,,
含羞草,20143,1020143,40143,200,27,Crop_143,1,phase,1,种子,plant/model/v4/Crop_1_1.png,https://jsq.gptvip.chat/images/plant/model/v4/Crop_1_1.png,含羞草/含羞草_01_种子.png,Seed,7200
含羞草,20143,1020143,40143,200,27,Crop_143,1,phase,2,发芽,plant/model/v4/Crop_143_2.png,https://jsq.gptvip.chat/images/plant/model/v4/Crop_143_2.png,含羞草/含羞草_02_发芽.png,2,7200
含羞草,20143,1020143,40143,200,27,Crop_143,1,phase,3,小叶子,plant/model/v4/Crop_143_3.png,https://jsq.gptvip.chat/images/plant/model/v4/Crop_143_3.png,含羞草/含羞草_03_小叶子.png,3,7200
含羞草,20143,1020143,40143,200,27,Crop_143,1,phase,4,大叶子,plant/model/v4/Crop_143_4.png,https://jsq.gptvip.chat/images/plant/model/v4/Crop_143_4.png,含羞草/含羞草_04_大叶子.png,4,7200
含羞草,20143,1020143,40143,200,27,Crop_143,1,phase,5,花蕾,plant/model/v4/Crop_143_5.png,https://jsq.gptvip.chat/images/plant/model/v4/Crop_143_5.png,含羞草/含羞草_05_花蕾.png,5,7200
含羞草,20143,1020143,40143,200,27,Crop_143,1,phase,6,盛开,plant/model/v4/Crop_143_6.png,https://jsq.gptvip.chat/images/plant/model/v4/Crop_143_6.png,含羞草/含羞草_06_盛开.png,6,7200
含羞草,20143,1020143,40143,200,27,Crop_143,1,phase,7,成熟,plant/model/v4/Crop_143_6.png,https://jsq.gptvip.chat/images/plant/model/v4/Crop_143_6.png,含羞草/含羞草_07_成熟.png,6,0
牵牛花,20147,1020147,40147,200,28,Crop_147,1,thumb,0,作物图,plant/model/v4/Crop_147_Seed.png,https://jsq.gptvip.chat/images/plant/model/v4/Crop_147_Seed.png,牵牛花/牵牛花_00_作物图.png,,
牵牛花,20147,1020147,40147,200,28,Crop_147,1,phase,1,种子,plant/model/v4/Crop_1_1.png,https://jsq.gptvip.chat/images/plant/model/v4/Crop_1_1.png,牵牛花/牵牛花_01_种子.png,Seed,17280
牵牛花,20147,1020147,40147,200,28,Crop_147,1,phase,2,发芽,plant/model/v4/Crop_147_2.png,https://jsq.gptvip.chat/images/plant/model/v4/Crop_147_2.png,牵牛花/牵牛花_02_发芽.png,2,17280
牵牛花,20147,1020147,40147,200,28,Crop_147,1,phase,3,小叶子,plant/model/v4/Crop_147_3.png,https://jsq.gptvip.chat/images/plant/model/v4/Crop_147_3.png,牵牛花/牵牛花_03_小叶子.png,3,17280
牵牛花,20147,1020147,40147,200,28,Crop_147,1,phase,4,大叶子,plant/model/v4/Crop_147_4.png,https://jsq.gptvip.chat/images/plant/model/v4/Crop_147_4.png,牵牛花/牵牛花_04_大叶子.png,4,17280
牵牛花,20147,1020147,40147,200,28,Crop_147,1,phase,5,花蕾,plant/model/v4/Crop_147_5.png,https://jsq.gptvip.chat/images/plant/model/v4/Crop_147_5.png,牵牛花/牵牛花_05_花蕾.png,5,17280
牵牛花,20147,1020147,40147,200,28,Crop_147,1,phase,6,盛开,plant/model/v4/Crop_147_6.png,https://jsq.gptvip.chat/images/plant/model/v4/Crop_147_6.png,牵牛花/牵牛花_06_盛开.png,6,0
秋菊（红色）,20162,1020162,40162,200,29,Crop_162,1,thumb,0,作物图,plant/model/v4/Crop_162_Seed.png,https://jsq.gptvip.chat/images/plant/model/v4/Crop_162_Seed.png,秋菊（红色）/秋菊（红色）_00_作物图.png,,
秋菊（红色）,20162,1020162,40162,200,29,Crop_162,1,phase,1,种子,plant/model/v4/Crop_1_1.png,https://jsq.gptvip.chat/images/plant/model/v4/Crop_1_1.png,秋菊（红色）/秋菊（红色）_01_种子.png,Seed,2880
秋菊（红色）,20162,1020162,40162,200,29,Crop_162,1,phase,2,发芽,plant/model/v4/Crop_162_2.png,https://jsq.gptvip.chat/images/plant/model/v4/Crop_162_2.png,秋菊（红色）/秋菊（红色）_02_发芽.png,2,2880
秋菊（红色）,20162,1020162,40162,200,29,Crop_162,1,phase,3,小叶子,plant/model/v4/Crop_162_3.png,https://jsq.gptvip.chat/images/plant/model/v4/Crop_162_3.png,秋菊（红色）/秋菊（红色）_03_小叶子.png,3,2880
秋菊（红色）,20162,1020162,40162,200,29,Crop_162,1,phase,4,大叶子,plant/model/v4/Crop_162_4.png,https://jsq.gptvip.chat/images/plant/model/v4/Crop_162_4.png,秋菊（红色）/秋菊（红色）_04_大叶子.png,4,2880
秋菊（红色）,20162,1020162,40162,200,29,Crop_162,1,phase,5,花蕾,plant/model/v4/Crop_162_5.png,https://jsq.gptvip.chat/images/plant/model/v4/Crop_162_5.png,秋菊（红色）/秋菊（红色）_05_花蕾.png,5,2880
秋菊（红色）,20162,1020162,40162,200,29,Crop_162,1,phase,6,盛开,plant/model/v4/Crop_162_6.png,https://jsq.gptvip.chat/images/plant/model/v4/Crop_162_6.png,秋菊（红色）/秋菊（红色）_06_盛开.png,6,0
新春红包,21542,1021542,41542,20,30,Crop_1542,1,thumb,0,作物图,plant/model/v4/Crop_1542_Seed.png,https://jsq.gptvip.chat/images/plant/model/v4/Crop_1542_Seed.png,新春红包/新春红包_00_作物图.png,,
新春红包,21542,1021542,41542,20,30,Crop_1542,1,phase,1,种子,plant/model/v4/Crop_1_1.png,https://jsq.gptvip.chat/images/plant/model/v4/Crop_1_1.png,新春红包/新春红包_01_种子.png,Seed,5760
辣椒,20009,1020009,40009,200,30,Crop_9,1,thumb,0,作物图,plant/model/v4/Crop_9_Seed.png,https://jsq.gptvip.chat/images/plant/model/v4/Crop_9_Seed.png,辣椒/辣椒_00_作物图.png,,
辣椒,20009,1020009,40009,200,30,Crop_9,1,phase,1,种子,plant/model/v4/Crop_1_1.png,https://jsq.gptvip.chat/images/plant/model/v4/Crop_1_1.png,辣椒/辣椒_01_种子.png,Seed,5760
辣椒,20009,1020009,40009,200,30,Crop_9,1,phase,2,发芽,plant/model/v4/Crop_9_2.png,https://jsq.gptvip.chat/images/plant/model/v4/Crop_9_2.png,辣椒/辣椒_02_发芽.png,2,5760
辣椒,20009,1020009,40009,200,30,Crop_9,1,phase,3,小叶子,plant/model/v4/Crop_9_3.png,https://jsq.gptvip.chat/images/plant/model/v4/Crop_9_3.png,辣椒/辣椒_03_小叶子.png,3,5760
辣椒,20009,1020009,40009,200,30,Crop_9,1,phase,4,大叶子,plant/model/v4/Crop_9_4.png,https://jsq.gptvip.chat/images/plant/model/v4/Crop_9_4.png,辣椒/辣椒_04_大叶子.png,4,5760
辣椒,20009,1020009,40009,200,30,Crop_9,1,phase,5,初熟,plant/model/v4/Crop_9_5.png,https://jsq.gptvip.chat/images/plant/model/v4/Crop_9_5.png,辣椒/辣椒_05_初熟.png,5,5760
辣椒,20009,1020009,40009,200,30,Crop_9,1,phase,6,成熟,plant/model/v4/Crop_9_6.png,https://jsq.gptvip.chat/images/plant/model/v4/Crop_9_6.png,辣椒/辣椒_06_成熟.png,6,0
黄瓜,20097,1020097,40097,200,31,Crop_97,1,thumb,0,作物图,plant/model/v4/Crop_97_Seed.png,https://jsq.gptvip.chat/images/plant/model/v4/Crop_97_Seed.png,黄瓜/黄瓜_00_作物图.png,,
黄瓜,20097,1020097,40097,200,31,Crop_97,1,phase,1,种子,plant/model/v4/Crop_1_1.png,https://jsq.gptvip.chat/images/plant/model/v4/Crop_1_1.png,黄瓜/黄瓜_01_种子.png,Seed,8640
黄瓜,20097,1020097,40097,200,31,Crop_97,1,phase,2,发芽,plant/model/v4/Crop_97_2.png,https://jsq.gptvip.chat/images/plant/model/v4/Crop_97_2.png,黄瓜/黄瓜_02_发芽.png,2,8640
黄瓜,20097,1020097,40097,200,31,Crop_97,1,phase,3,小叶子,plant/model/v4/Crop_97_3.png,https://jsq.gptvip.chat/images/plant/model/v4/Crop_97_3.png,黄瓜/黄瓜_03_小叶子.png,3,8640
黄瓜,20097,1020097,40097,200,31,Crop_97,1,phase,4,大叶子,plant/model/v4/Crop_97_4.png,https://jsq.gptvip.chat/images/plant/model/v4/Crop_97_4.png,黄瓜/黄瓜_04_大叶子.png,4,8640
黄瓜,20097,1020097,40097,200,31,Crop_97,1,phase,5,开花,plant/model/v4/Crop_97_5.png,https://jsq.gptvip.chat/images/plant/model/v4/Crop_97_5.png,黄瓜/黄瓜_05_开花.png,5,8640
黄瓜,20097,1020097,40097,200,31,Crop_97,1,phase,6,成熟,plant/model/v4/Crop_97_6.png,https://jsq.gptvip.chat/images/plant/model/v4/Crop_97_6.png,黄瓜/黄瓜_06_成熟.png,6,0
芹菜,20306,1020306,40306,200,32,Crop_306,1,thumb,0,作物图,plant/model/v4/Crop_306_Seed.png,https://jsq.gptvip.chat/images/plant/model/v4/Crop_306_Seed.png,芹菜/芹菜_00_作物图.png,,
芹菜,20306,1020306,40306,200,32,Crop_306,1,phase,1,种子,plant/model/v4/Crop_1_1.png,https://jsq.gptvip.chat/images/plant/model/v4/Crop_1_1.png,芹菜/芹菜_01_种子.png,Seed,17280
芹菜,20306,1020306,40306,200,32,Crop_306,1,phase,2,发芽,plant/model/v4/Crop_306_2.png,https://jsq.gptvip.chat/images/plant/model/v4/Crop_306_2.png,芹菜/芹菜_02_发芽.png,2,17280
芹菜,20306,1020306,40306,200,32,Crop_306,1,phase,3,小叶子,plant/model/v4/Crop_306_3.png,https://jsq.gptvip.chat/images/plant/model/v4/Crop_306_3.png,芹菜/芹菜_03_小叶子.png,3,17280
芹菜,20306,1020306,40306,200,32,Crop_306,1,phase,4,大叶子,plant/model/v4/Crop_306_4.png,https://jsq.gptvip.chat/images/plant/model/v4/Crop_306_4.png,芹菜/芹菜_04_大叶子.png,4,17280
芹菜,20306,1020306,40306,200,32,Crop_306,1,phase,5,初熟,plant/model/v4/Crop_306_5.png,https://jsq.gptvip.chat/images/plant/model/v4/Crop_306_5.png,芹菜/芹菜_05_初熟.png,5,17280
芹菜,20306,1020306,40306,200,32,Crop_306,1,phase,6,成熟,plant/model/v4/Crop_306_6.png,https://jsq.gptvip.chat/images/plant/model/v4/Crop_306_6.png,芹菜/芹菜_06_成熟.png,6,0
天香百合,20103,1020103,40103,200,33,Crop_103,1,thumb,0,作物图,plant/model/v4/Crop_103_Seed.png,https://jsq.gptvip.chat/images/plant/model/v4/Crop_103_Seed.png,天香百合/天香百合_00_作物图.png,,
天香百合,20103,1020103,40103,200,33,Crop_103,1,phase,1,种子,plant/model/v4/Crop_1_1.png,https://jsq.gptvip.chat/images/plant/model/v4/Crop_1_1.png,天香百合/天香百合_01_种子.png,Seed,2880
天香百合,20103,1020103,40103,200,33,Crop_103,1,phase,2,发芽,plant/model/v4/Crop_103_2.png,https://jsq.gptvip.chat/images/plant/model/v4/Crop_103_2.png,天香百合/天香百合_02_发芽.png,2,2880
天香百合,20103,1020103,40103,200,33,Crop_103,1,phase,3,小叶子,plant/model/v4/Crop_103_3.png,https://jsq.gptvip.chat/images/plant/model/v4/Crop_103_3.png,天香百合/天香百合_03_小叶子.png,3,2880
天香百合,20103,1020103,40103,200,33,Crop_103,1,phase,4,大叶子,plant/model/v4/Crop_103_4.png,https://jsq.gptvip.chat/images/plant/model/v4/Crop_103_4.png,天香百合/天香百合_04_大叶子.png,4,2880
天香百合,20103,1020103,40103,200,33,Crop_103,1,phase,5,初熟,plant/model/v4/Crop_103_5.png,https://jsq.gptvip.chat/images/plant/model/v4/Crop_103_5.png,天香百合/天香百合_05_初熟.png,5,2880
天香百合,20103,1020103,40103,200,33,Crop_103,1,phase,6,成熟,plant/model/v4/Crop_103_6.png,https://jsq.gptvip.chat/images/plant/model/v4/Crop_103_6.png,天香百合/天香百合_06_成熟.png,6,0
南瓜,20010,1020010,40010,200,34,Crop_10,1,thumb,0,作物图,plant/model/v4/Crop_10_Seed.png,https://jsq.gptvip.chat/images/plant/model/v4/Crop_10_Seed.png,南瓜/南瓜_00_作物图.png,,
南瓜,20010,1020010,40010,200,34,Crop_10,1,phase,1,种子,plant/model/v4/Crop_1_1.png,https://jsq.gptvip.chat/images/plant/model/v4/Crop_1_1.png,南瓜/南瓜_01_种子.png,Seed,5760
南瓜,20010,1020010,40010,200,34,Crop_10,1,phase,2,发芽,plant/model/v4/Crop_10_2.png,https://jsq.gptvip.chat/images/plant/model/v4/Crop_10_2.png,南瓜/南瓜_02_发芽.png,2,5760
南瓜,20010,1020010,40010,200,34,Crop_10,1,phase,3,小叶子,plant/model/v4/Crop_10_3.png,https://jsq.gptvip.chat/images/plant/model/v4/Crop_10_3.png,南瓜/南瓜_03_小叶子.png,3,5760
南瓜,20010,1020010,40010,200,34,Crop_10,1,phase,4,大叶子,plant/model/v4/Crop_10_4.png,https://jsq.gptvip.chat/images/plant/model/v4/Crop_10_4.png,南瓜/南瓜_04_大叶子.png,4,5760
南瓜,20010,1020010,40010,200,34,Crop_10,1,phase,5,初熟,plant/model/v4/Crop_10_5.png,https://jsq.gptvip.chat/images/plant/model/v4/Crop_10_5.png,南瓜/南瓜_05_初熟.png,5,5760
南瓜,20010,1020010,40010,200,34,Crop_10,1,phase,6,成熟,plant/model/v4/Crop_10_6.png,https://jsq.gptvip.chat/images/plant/model/v4/Crop_10_6.png,南瓜/南瓜_06_成熟.png,6,0
核桃,20308,1020308,40308,200,35,Crop_308,1,thumb,0,作物图,plant/model/v4/Crop_308_Seed.png,https://jsq.gptvip.chat/images/plant/model/v4/Crop_308_Seed.png,核桃/核桃_00_作物图.png,,
核桃,20308,1020308,40308,200,35,Crop_308,1,phase,1,种子,plant/model/v4/Crop_1_1.png,https://jsq.gptvip.chat/images/plant/model/v4/Crop_1_1.png,核桃/核桃_01_种子.png,Seed,10800
核桃,20308,1020308,40308,200,35,Crop_308,1,phase,2,发芽,plant/model/v4/Crop_308_2.png,https://jsq.gptvip.chat/images/plant/model/v4/Crop_308_2.png,核桃/核桃_02_发芽.png,2,10800
核桃,20308,1020308,40308,200,35,Crop_308,1,phase,3,小叶子,plant/model/v4/Crop_308_3.png,https://jsq.gptvip.chat/images/plant/model/v4/Crop_308_3.png,核桃/核桃_03_小叶子.png,3,10800
核桃,20308,1020308,40308,200,35,Crop_308,1,phase,4,大叶子,plant/model/v4/Crop_308_5.png,https://jsq.gptvip.chat/images/plant/model/v4/Crop_308_5.png,核桃/核桃_04_大叶子.png,5,10800
核桃,20308,1020308,40308,200,35,Crop_308,1,phase,5,成熟,plant/model/v4/Crop_308_6.png,https://jsq.gptvip.chat/images/plant/model/v4/Crop_308_6.png,核桃/核桃_05_成熟.png,6,0
山楂,20091,1020091,40091,200,36,Crop_91,1,thumb,0,作物图,plant/model/v4/Crop_91_Seed.png,https://jsq.gptvip.chat/images/plant/model/v4/Crop_91_Seed.png,山楂/山楂_00_作物图.png,,
山楂,20091,1020091,40091,200,36,Crop_91,1,phase,1,种子,plant/model/v4/Crop_1_1.png,https://jsq.gptvip.chat/images/plant/model/v4/Crop_1_1.png,山楂/山楂_01_种子.png,Seed,14400
山楂,20091,1020091,40091,200,36,Crop_91,1,phase,2,发芽,plant/model/v4/Crop_91_2.png,https://jsq.gptvip.chat/images/plant/model/v4/Crop_91_2.png,山楂/山楂_02_发芽.png,2,14400
山楂,20091,1020091,40091,200,36,Crop_91,1,phase,3,小叶子,plant/model/v4/Crop_91_3.png,https://jsq.gptvip.chat/images/plant/model/v4/Crop_91_3.png,山楂/山楂_03_小叶子.png,3,14400
山楂,20091,1020091,40091,200,36,Crop_91,1,phase,4,大叶子,plant/model/v4/Crop_91_4.png,https://jsq.gptvip.chat/images/plant/model/v4/Crop_91_4.png,山楂/山楂_04_大叶子.png,4,14400
山楂,20091,1020091,40091,200,36,Crop_91,1,phase,5,开花,plant/model/v4/Crop_91_5.png,https://jsq.gptvip.chat/images/plant/model/v4/Crop_91_5.png,山楂/山楂_05_开花.png,5,14400
山楂,20091,1020091,40091,200,36,Crop_91,1,phase,6,初熟,plant/model/v4/Crop_91_6.png,https://jsq.gptvip.chat/images/plant/model/v4/Crop_91_6.png,山楂/山楂_06_初熟.png,6,14400
山楂,20091,1020091,40091,200,36,Crop_91,1,phase,7,成熟,plant/model/v4/Crop_91_6.png,https://jsq.gptvip.chat/images/plant/model/v4/Crop_91_6.png,山楂/山楂_07_成熟.png,6,0
菠菜,20073,1020073,40073,200,37,Crop_73,1,thumb,0,作物图,plant/model/v4/Crop_73_Seed.png,https://jsq.gptvip.chat/images/plant/model/v4/Crop_73_Seed.png,菠菜/菠菜_00_作物图.png,,
菠菜,20073,1020073,40073,200,37,Crop_73,1,phase,1,种子,plant/model/v4/Crop_1_1.png,https://jsq.gptvip.chat/images/plant/model/v4/Crop_1_1.png,菠菜/菠菜_01_种子.png,Seed,2880
菠菜,20073,1020073,40073,200,37,Crop_73,1,phase,2,发芽,plant/model/v4/Crop_73_2.png,https://jsq.gptvip.chat/images/plant/model/v4/Crop_73_2.png,菠菜/菠菜_02_发芽.png,2,2880
菠菜,20073,1020073,40073,200,37,Crop_73,1,phase,3,小叶子,plant/model/v4/Crop_73_3.png,https://jsq.gptvip.chat/images/plant/model/v4/Crop_73_3.png,菠菜/菠菜_03_小叶子.png,3,2880
菠菜,20073,1020073,40073,200,37,Crop_73,1,phase,4,大叶子,plant/model/v4/Crop_73_4.png,https://jsq.gptvip.chat/images/plant/model/v4/Crop_73_4.png,菠菜/菠菜_04_大叶子.png,4,2880
菠菜,20073,1020073,40073,200,37,Crop_73,1,phase,5,初熟,plant/model/v4/Crop_73_5.png,https://jsq.gptvip.chat/images/plant/model/v4/Crop_73_5.png,菠菜/菠菜_05_初熟.png,5,2880
菠菜,20073,1020073,40073,200,37,Crop_73,1,phase,6,成熟,plant/model/v4/Crop_73_6.png,https://jsq.gptvip.chat/images/plant/model/v4/Crop_73_6.png,菠菜/菠菜_06_成熟.png,6,0
草莓,20001,1020001,40001,200,38,Crop_1,1,thumb,0,作物图,plant/model/v4/Crop_1_Seed.png,https://jsq.gptvip.chat/images/plant/model/v4/Crop_1_Seed.png,草莓/草莓_00_作物图.png,,
草莓,20001,1020001,40001,200,38,Crop_1,1,phase,1,种子,plant/model/v4/Crop_1_1.png,https://jsq.gptvip.chat/images/plant/model/v4/Crop_1_1.png,草莓/草莓_01_种子.png,Seed,5760
草莓,20001,1020001,40001,200,38,Crop_1,1,phase,2,发芽,plant/model/v4/Crop_1_2.png,https://jsq.gptvip.chat/images/plant/model/v4/Crop_1_2.png,草莓/草莓_02_发芽.png,2,5760
草莓,20001,1020001,40001,200,38,Crop_1,1,phase,3,小叶子,plant/model/v4/Crop_1_3.png,https://jsq.gptvip.chat/images/plant/model/v4/Crop_1_3.png,草莓/草莓_03_小叶子.png,3,5760
草莓,20001,1020001,40001,200,38,Crop_1,1,phase,4,大叶子,plant/model/v4/Crop_1_4.png,https://jsq.gptvip.chat/images/plant/model/v4/Crop_1_4.png,草莓/草莓_04_大叶子.png,4,5760
草莓,20001,1020001,40001,200,38,Crop_1,1,phase,5,开花,plant/model/v4/Crop_1_5.png,https://jsq.gptvip.chat/images/plant/model/v4/Crop_1_5.png,草莓/草莓_05_开花.png,5,5760
草莓,20001,1020001,40001,200,38,Crop_1,1,phase,6,成熟,plant/model/v4/Crop_1_6.png,https://jsq.gptvip.chat/images/plant/model/v4/Crop_1_6.png,草莓/草莓_06_成熟.png,6,0
苹果,20011,1020011,40011,200,39,Crop_11,1,thumb,0,作物图,plant/model/v4/Crop_11_Seed.png,https://jsq.gptvip.chat/images/plant/model/v4/Crop_11_Seed.png,苹果/苹果_00_作物图.png,,
苹果,20011,1020011,40011,200,39,Crop_11,1,phase,1,种子,plant/model/v4/Crop_1_1.png,https://jsq.gptvip.chat/images/plant/model/v4/Crop_1_1.png,苹果/苹果_01_种子.png,Seed,8640
苹果,20011,1020011,40011,200,39,Crop_11,1,phase,2,发芽,plant/model/v4/Crop_11_2.png,https://jsq.gptvip.chat/images/plant/model/v4/Crop_11_2.png,苹果/苹果_02_发芽.png,2,8640
苹果,20011,1020011,40011,200,39,Crop_11,1,phase,3,小叶子,plant/model/v4/Crop_11_3.png,https://jsq.gptvip.chat/images/plant/model/v4/Crop_11_3.png,苹果/苹果_03_小叶子.png,3,8640
苹果,20011,1020011,40011,200,39,Crop_11,1,phase,4,大叶子,plant/model/v4/Crop_11_4.png,https://jsq.gptvip.chat/images/plant/model/v4/Crop_11_4.png,苹果/苹果_04_大叶子.png,4,8640
苹果,20011,1020011,40011,200,39,Crop_11,1,phase,5,开花,plant/model/v4/Crop_11_5.png,https://jsq.gptvip.chat/images/plant/model/v4/Crop_11_5.png,苹果/苹果_05_开花.png,5,8640
苹果,20011,1020011,40011,200,39,Crop_11,1,phase,6,成熟,plant/model/v4/Crop_11_6.png,https://jsq.gptvip.chat/images/plant/model/v4/Crop_11_6.png,苹果/苹果_06_成熟.png,6,0
四叶草,20062,1020062,40062,200,40,Crop_62,1,thumb,0,作物图,plant/model/v4/Crop_62_Seed.png,https://jsq.gptvip.chat/images/plant/model/v4/Crop_62_Seed.png,四叶草/四叶草_00_作物图.png,,
四叶草,20062,1020062,40062,200,40,Crop_62,1,phase,1,种子,plant/model/v4/Crop_1_1.png,https://jsq.gptvip.chat/images/plant/model/v4/Crop_1_1.png,四叶草/四叶草_01_种子.png,Seed,17280
四叶草,20062,1020062,40062,200,40,Crop_62,1,phase,2,发芽,plant/model/v4/Crop_62_2.png,https://jsq.gptvip.chat/images/plant/model/v4/Crop_62_2.png,四叶草/四叶草_02_发芽.png,2,17280
四叶草,20062,1020062,40062,200,40,Crop_62,1,phase,3,小叶子,plant/model/v4/Crop_62_3.png,https://jsq.gptvip.chat/images/plant/model/v4/Crop_62_3.png,四叶草/四叶草_03_小叶子.png,3,17280
四叶草,20062,1020062,40062,200,40,Crop_62,1,phase,4,大叶子,plant/model/v4/Crop_62_4.png,https://jsq.gptvip.chat/images/plant/model/v4/Crop_62_4.png,四叶草/四叶草_04_大叶子.png,4,17280
四叶草,20062,1020062,40062,200,40,Crop_62,1,phase,5,初熟,plant/model/v4/Crop_62_5.png,https://jsq.gptvip.chat/images/plant/model/v4/Crop_62_5.png,四叶草/四叶草_05_初熟.png,5,17280
四叶草,20062,1020062,40062,200,40,Crop_62,1,phase,6,成熟,plant/model/v4/Crop_62_6.png,https://jsq.gptvip.chat/images/plant/model/v4/Crop_62_6.png,四叶草/四叶草_06_成熟.png,6,0
非洲菊,20104,1020104,40104,200,41,Crop_104,1,thumb,0,作物图,plant/model/v4/Crop_104_Seed.png,https://jsq.gptvip.chat/images/plant/model/v4/Crop_104_Seed.png,非洲菊/非洲菊_00_作物图.png,,
非洲菊,20104,1020104,40104,200,41,Crop_104,1,phase,1,种子,plant/model/v4/Crop_1_1.png,https://jsq.gptvip.chat/images/plant/model/v4/Crop_1_1.png,非洲菊/非洲菊_01_种子.png,Seed,2400
非洲菊,20104,1020104,40104,200,41,Crop_104,1,phase,2,发芽,plant/model/v4/Crop_104_2.png,https://jsq.gptvip.chat/images/plant/model/v4/Crop_104_2.png,非洲菊/非洲菊_02_发芽.png,2,2400
非洲菊,20104,1020104,40104,200,41,Crop_104,1,phase,3,小叶子,plant/model/v4/Crop_104_3.png,https://jsq.gptvip.chat/images/plant/model/v4/Crop_104_3.png,非洲菊/非洲菊_03_小叶子.png,3,2400
非洲菊,20104,1020104,40104,200,41,Crop_104,1,phase,4,大叶子,plant/model/v4/Crop_104_4.png,https://jsq.gptvip.chat/images/plant/model/v4/Crop_104_4.png,非洲菊/非洲菊_04_大叶子.png,4,2400
非洲菊,20104,1020104,40104,200,41,Crop_104,1,phase,5,花蕾,plant/model/v4/Crop_104_5.png,https://jsq.gptvip.chat/images/plant/model/v4/Crop_104_5.png,非洲菊/非洲菊_05_花蕾.png,5,2400
非洲菊,20104,1020104,40104,200,41,Crop_104,1,phase,6,盛开,plant/model/v4/Crop_104_6.png,https://jsq.gptvip.chat/images/plant/model/v4/Crop_104_6.png,非洲菊/非洲菊_06_盛开.png,6,2400
非洲菊,20104,1020104,40104,200,41,Crop_104,1,phase,7,成熟,plant/model/v4/Crop_104_6.png,https://jsq.gptvip.chat/images/plant/model/v4/Crop_104_6.png,非洲菊/非洲菊_07_成熟.png,6,0
火绒草,20135,1020135,40135,200,42,Crop_135,1,thumb,0,作物图,plant/model/v4/Crop_135_Seed.png,https://jsq.gptvip.chat/images/plant/model/v4/Crop_135_Seed.png,火绒草/火绒草_00_作物图.png,,
火绒草,20135,1020135,40135,200,42,Crop_135,1,phase,1,种子,plant/model/v4/Crop_1_1.png,https://jsq.gptvip.chat/images/plant/model/v4/Crop_1_1.png,火绒草/火绒草_01_种子.png,Seed,5760
火绒草,20135,1020135,40135,200,42,Crop_135,1,phase,2,发芽,plant/model/v4/Crop_135_2.png,https://jsq.gptvip.chat/images/plant/model/v4/Crop_135_2.png,火绒草/火绒草_02_发芽.png,2,5760
火绒草,20135,1020135,40135,200,42,Crop_135,1,phase,3,小叶子,plant/model/v4/Crop_135_3.png,https://jsq.gptvip.chat/images/plant/model/v4/Crop_135_3.png,火绒草/火绒草_03_小叶子.png,3,5760
火绒草,20135,1020135,40135,200,42,Crop_135,1,phase,4,大叶子,plant/model/v4/Crop_135_4.png,https://jsq.gptvip.chat/images/plant/model/v4/Crop_135_4.png,火绒草/火绒草_04_大叶子.png,4,5760
火绒草,20135,1020135,40135,200,42,Crop_135,1,phase,5,花蕾,plant/model/v4/Crop_135_5.png,https://jsq.gptvip.chat/images/plant/model/v4/Crop_135_5.png,火绒草/火绒草_05_花蕾.png,5,5760
火绒草,20135,1020135,40135,200,42,Crop_135,1,phase,6,盛开,plant/model/v4/Crop_135_6.png,https://jsq.gptvip.chat/images/plant/model/v4/Crop_135_6.png,火绒草/火绒草_06_盛开.png,6,0
花香根鸢尾,20141,1020141,40141,200,43,Crop_141,1,thumb,0,作物图,plant/model/v4/Crop_141_Seed.png,https://jsq.gptvip.chat/images/plant/model/v4/Crop_141_Seed.png,花香根鸢尾/花香根鸢尾_00_作物图.png,,
花香根鸢尾,20141,1020141,40141,200,43,Crop_141,1,phase,1,种子,plant/model/v4/Crop_1_1.png,https://jsq.gptvip.chat/images/plant/model/v4/Crop_1_1.png,花香根鸢尾/花香根鸢尾_01_种子.png,Seed,8640
花香根鸢尾,20141,1020141,40141,200,43,Crop_141,1,phase,2,发芽,plant/model/v4/Crop_141_2.png,https://jsq.gptvip.chat/images/plant/model/v4/Crop_141_2.png,花香根鸢尾/花香根鸢尾_02_发芽.png,2,8640
花香根鸢尾,20141,1020141,40141,200,43,Crop_141,1,phase,3,小叶子,plant/model/v4/Crop_141_3.png,https://jsq.gptvip.chat/images/plant/model/v4/Crop_141_3.png,花香根鸢尾/花香根鸢尾_03_小叶子.png,3,8640
花香根鸢尾,20141,1020141,40141,200,43,Crop_141,1,phase,4,大叶子,plant/model/v4/Crop_141_4.png,https://jsq.gptvip.chat/images/plant/model/v4/Crop_141_4.png,花香根鸢尾/花香根鸢尾_04_大叶子.png,4,8640
花香根鸢尾,20141,1020141,40141,200,43,Crop_141,1,phase,5,花蕾,plant/model/v4/Crop_141_5.png,https://jsq.gptvip.chat/images/plant/model/v4/Crop_141_5.png,花香根鸢尾/花香根鸢尾_05_花蕾.png,5,8640
花香根鸢尾,20141,1020141,40141,200,43,Crop_141,1,phase,6,盛开,plant/model/v4/Crop_141_6.png,https://jsq.gptvip.chat/images/plant/model/v4/Crop_141_6.png,花香根鸢尾/花香根鸢尾_06_盛开.png,6,0
虞美人,20142,1020142,40142,200,44,Crop_142,1,thumb,0,作物图,plant/model/v4/Crop_142_Seed.png,https://jsq.gptvip.chat/images/plant/model/v4/Crop_142_Seed.png,虞美人/虞美人_00_作物图.png,,
虞美人,20142,1020142,40142,200,44,Crop_142,1,phase,1,种子,plant/model/v4/Crop_1_1.png,https://jsq.gptvip.chat/images/plant/model/v4/Crop_1_1.png,虞美人/虞美人_01_种子.png,Seed,17280
虞美人,20142,1020142,40142,200,44,Crop_142,1,phase,2,发芽,plant/model/v4/Crop_142_2.png,https://jsq.gptvip.chat/images/plant/model/v4/Crop_142_2.png,虞美人/虞美人_02_发芽.png,2,17280
虞美人,20142,1020142,40142,200,44,Crop_142,1,phase,3,小叶子,plant/model/v4/Crop_142_3.png,https://jsq.gptvip.chat/images/plant/model/v4/Crop_142_3.png,虞美人/虞美人_03_小叶子.png,3,17280
虞美人,20142,1020142,40142,200,44,Crop_142,1,phase,4,大叶子,plant/model/v4/Crop_142_4.png,https://jsq.gptvip.chat/images/plant/model/v4/Crop_142_4.png,虞美人/虞美人_04_大叶子.png,4,17280
虞美人,20142,1020142,40142,200,44,Crop_142,1,phase,5,花蕾,plant/model/v4/Crop_142_5.png,https://jsq.gptvip.chat/images/plant/model/v4/Crop_142_5.png,虞美人/虞美人_05_花蕾.png,5,17280
虞美人,20142,1020142,40142,200,44,Crop_142,1,phase,6,盛开,plant/model/v4/Crop_142_6.png,https://jsq.gptvip.chat/images/plant/model/v4/Crop_142_6.png,虞美人/虞美人_06_盛开.png,6,0
向日葵,20145,1020145,40145,200,45,Crop_145,1,thumb,0,作物图,plant/model/v4/Crop_145_Seed.png,https://jsq.gptvip.chat/images/plant/model/v4/Crop_145_Seed.png,向日葵/向日葵_00_作物图.png,,
向日葵,20145,1020145,40145,200,45,Crop_145,1,phase,1,种子,plant/model/v4/Crop_1_1.png,https://jsq.gptvip.chat/images/plant/model/v4/Crop_1_1.png,向日葵/向日葵_01_种子.png,Seed,2400
向日葵,20145,1020145,40145,200,45,Crop_145,1,phase,2,发芽,plant/model/v4/Crop_145_2.png,https://jsq.gptvip.chat/images/plant/model/v4/Crop_145_2.png,向日葵/向日葵_02_发芽.png,2,2400
向日葵,20145,1020145,40145,200,45,Crop_145,1,phase,3,小叶子,plant/model/v4/Crop_145_3.png,https://jsq.gptvip.chat/images/plant/model/v4/Crop_145_3.png,向日葵/向日葵_03_小叶子.png,3,2400
向日葵,20145,1020145,40145,200,45,Crop_145,1,phase,4,大叶子,plant/model/v4/Crop_145_4.png,https://jsq.gptvip.chat/images/plant/model/v4/Crop_145_4.png,向日葵/向日葵_04_大叶子.png,4,2400
向日葵,20145,1020145,40145,200,45,Crop_145,1,phase,5,开花,plant/model/v4/Crop_145_5.png,https://jsq.gptvip.chat/images/plant/model/v4/Crop_145_5.png,向日葵/向日葵_05_开花.png,5,2400
向日葵,20145,1020145,40145,200,45,Crop_145,1,phase,6,初熟,plant/model/v4/Crop_145_6.png,https://jsq.gptvip.chat/images/plant/model/v4/Crop_145_6.png,向日葵/向日葵_06_初熟.png,6,2400
向日葵,20145,1020145,40145,200,45,Crop_145,1,phase,7,成熟,plant/model/v4/Crop_145_6.png,https://jsq.gptvip.chat/images/plant/model/v4/Crop_145_6.png,向日葵/向日葵_07_成熟.png,6,0
西瓜,20014,1020014,40014,200,46,Crop_14,1,thumb,0,作物图,plant/model/v4/Crop_14_Seed.png,https://jsq.gptvip.chat/images/plant/model/v4/Crop_14_Seed.png,西瓜/西瓜_00_作物图.png,,
西瓜,20014,1020014,40014,200,46,Crop_14,1,phase,1,种子,plant/model/v4/Crop_1_1.png,https://jsq.gptvip.chat/images/plant/model/v4/Crop_1_1.png,西瓜/西瓜_01_种子.png,Seed,5760
西瓜,20014,1020014,40014,200,46,Crop_14,1,phase,2,发芽,plant/model/v4/Crop_14_2.png,https://jsq.gptvip.chat/images/plant/model/v4/Crop_14_2.png,西瓜/西瓜_02_发芽.png,2,5760
西瓜,20014,1020014,40014,200,46,Crop_14,1,phase,3,小叶子,plant/model/v4/Crop_14_3.png,https://jsq.gptvip.chat/images/plant/model/v4/Crop_14_3.png,西瓜/西瓜_03_小叶子.png,3,5760
西瓜,20014,1020014,40014,200,46,Crop_14,1,phase,4,大叶子,plant/model/v4/Crop_14_4.png,https://jsq.gptvip.chat/images/plant/model/v4/Crop_14_4.png,西瓜/西瓜_04_大叶子.png,4,5760
西瓜,20014,1020014,40014,200,46,Crop_14,1,phase,5,开花,plant/model/v4/Crop_14_5.png,https://jsq.gptvip.chat/images/plant/model/v4/Crop_14_5.png,西瓜/西瓜_05_开花.png,5,5760
西瓜,20014,1020014,40014,200,46,Crop_14,1,phase,6,成熟,plant/model/v4/Crop_14_6.png,https://jsq.gptvip.chat/images/plant/model/v4/Crop_14_6.png,西瓜/西瓜_06_成熟.png,6,0
黄豆,20070,1020070,40070,200,47,Crop_70,1,thumb,0,作物图,plant/model/v4/Crop_70_Seed.png,https://jsq.gptvip.chat/images/plant/model/v4/Crop_70_Seed.png,黄豆/黄豆_00_作物图.png,,
黄豆,20070,1020070,40070,200,47,Crop_70,1,phase,1,种子,plant/model/v4/Crop_1_1.png,https://jsq.gptvip.chat/images/plant/model/v4/Crop_1_1.png,黄豆/黄豆_01_种子.png,Seed,8640
黄豆,20070,1020070,40070,200,47,Crop_70,1,phase,2,发芽,plant/model/v4/Crop_70_2.png,https://jsq.gptvip.chat/images/plant/model/v4/Crop_70_2.png,黄豆/黄豆_02_发芽.png,2,8640
黄豆,20070,1020070,40070,200,47,Crop_70,1,phase,3,小叶子,plant/model/v4/Crop_70_3.png,https://jsq.gptvip.chat/images/plant/model/v4/Crop_70_3.png,黄豆/黄豆_03_小叶子.png,3,8640
黄豆,20070,1020070,40070,200,47,Crop_70,1,phase,4,大叶子,plant/model/v4/Crop_70_4.png,https://jsq.gptvip.chat/images/plant/model/v4/Crop_70_4.png,黄豆/黄豆_04_大叶子.png,4,8640
黄豆,20070,1020070,40070,200,47,Crop_70,1,phase,5,初熟,plant/model/v4/Crop_70_5.png,https://jsq.gptvip.chat/images/plant/model/v4/Crop_70_5.png,黄豆/黄豆_05_初熟.png,5,8640
黄豆,20070,1020070,40070,200,47,Crop_70,1,phase,6,成熟,plant/model/v4/Crop_70_6.png,https://jsq.gptvip.chat/images/plant/model/v4/Crop_70_6.png,黄豆/黄豆_06_成熟.png,6,0
香蕉,20015,1020015,40015,200,48,Crop_15,1,thumb,0,作物图,plant/model/v4/Crop_15_Seed.png,https://jsq.gptvip.chat/images/plant/model/v4/Crop_15_Seed.png,香蕉/香蕉_00_作物图.png,,
香蕉,20015,1020015,40015,200,48,Crop_15,1,phase,1,种子,plant/model/v4/Crop_1_1.png,https://jsq.gptvip.chat/images/plant/model/v4/Crop_1_1.png,香蕉/香蕉_01_种子.png,Seed,17280
香蕉,20015,1020015,40015,200,48,Crop_15,1,phase,2,发芽,plant/model/v4/Crop_15_2.png,https://jsq.gptvip.chat/images/plant/model/v4/Crop_15_2.png,香蕉/香蕉_02_发芽.png,2,17280
香蕉,20015,1020015,40015,200,48,Crop_15,1,phase,3,小叶子,plant/model/v4/Crop_15_3.png,https://jsq.gptvip.chat/images/plant/model/v4/Crop_15_3.png,香蕉/香蕉_03_小叶子.png,3,17280
香蕉,20015,1020015,40015,200,48,Crop_15,1,phase,4,大叶子,plant/model/v4/Crop_15_4.png,https://jsq.gptvip.chat/images/plant/model/v4/Crop_15_4.png,香蕉/香蕉_04_大叶子.png,4,17280
香蕉,20015,1020015,40015,200,48,Crop_15,1,phase,5,开花,plant/model/v4/Crop_15_5.png,https://jsq.gptvip.chat/images/plant/model/v4/Crop_15_5.png,香蕉/香蕉_05_开花.png,5,17280
香蕉,20015,1020015,40015,200,48,Crop_15,1,phase,6,成熟,plant/model/v4/Crop_15_6.png,https://jsq.gptvip.chat/images/plant/model/v4/Crop_15_6.png,香蕉/香蕉_06_成熟.png,6,0
竹笋,20100,1020100,40100,200,49,Crop_100,1,thumb,0,作物图,plant/model/v4/Crop_100_Seed.png,https://jsq.gptvip.chat/images/plant/model/v4/Crop_100_Seed.png,竹笋/竹笋_00_作物图.png,,
竹笋,20100,1020100,40100,200,49,Crop_100,1,phase,1,种子,plant/model/v4/Crop_1_1.png,https://jsq.gptvip.chat/images/plant/model/v4/Crop_1_1.png,竹笋/竹笋_01_种子.png,Seed,2880
竹笋,20100,1020100,40100,200,49,Crop_100,1,phase,2,发芽,plant/model/v4/Crop_100_2.png,https://jsq.gptvip.chat/images/plant/model/v4/Crop_100_2.png,竹笋/竹笋_02_发芽.png,2,2880
竹笋,20100,1020100,40100,200,49,Crop_100,1,phase,3,幼苗,plant/model/v4/Crop_100_3.png,https://jsq.gptvip.chat/images/plant/model/v4/Crop_100_3.png,竹笋/竹笋_03_幼苗.png,3,2880
竹笋,20100,1020100,40100,200,49,Crop_100,1,phase,4,伸长,plant/model/v4/Crop_100_4.png,https://jsq.gptvip.chat/images/plant/model/v4/Crop_100_4.png,竹笋/竹笋_04_伸长.png,4,2880
竹笋,20100,1020100,40100,200,49,Crop_100,1,phase,5,初熟,plant/model/v4/Crop_100_5.png,https://jsq.gptvip.chat/images/plant/model/v4/Crop_100_5.png,竹笋/竹笋_05_初熟.png,5,2880
竹笋,20100,1020100,40100,200,49,Crop_100,1,phase,6,成熟,plant/model/v4/Crop_100_6.png,https://jsq.gptvip.chat/images/plant/model/v4/Crop_100_6.png,竹笋/竹笋_06_成熟.png,6,0
桃子,20018,1020018,40018,200,50,Crop_18,1,thumb,0,作物图,plant/model/v4/Crop_18_Seed.png,https://jsq.gptvip.chat/images/plant/model/v4/Crop_18_Seed.png,桃子/桃子_00_作物图.png,,
桃子,20018,1020018,40018,200,50,Crop_18,1,phase,1,种子,plant/model/v4/Crop_1_1.png,https://jsq.gptvip.chat/images/plant/model/v4/Crop_1_1.png,桃子/桃子_01_种子.png,Seed,5760
桃子,20018,1020018,40018,200,50,Crop_18,1,phase,2,发芽,plant/model/v4/Crop_18_2.png,https://jsq.gptvip.chat/images/plant/model/v4/Crop_18_2.png,桃子/桃子_02_发芽.png,2,5760
桃子,20018,1020018,40018,200,50,Crop_18,1,phase,3,开花,plant/model/v4/Crop_18_3.png,https://jsq.gptvip.chat/images/plant/model/v4/Crop_18_3.png,桃子/桃子_03_开花.png,3,5760
桃子,20018,1020018,40018,200,50,Crop_18,1,phase,4,小叶子,plant/model/v4/Crop_18_4.png,https://jsq.gptvip.chat/images/plant/model/v4/Crop_18_4.png,桃子/桃子_04_小叶子.png,4,5760
桃子,20018,1020018,40018,200,50,Crop_18,1,phase,5,大叶子,plant/model/v4/Crop_18_5.png,https://jsq.gptvip.chat/images/plant/model/v4/Crop_18_5.png,桃子/桃子_05_大叶子.png,5,5760
桃子,20018,1020018,40018,200,50,Crop_18,1,phase,6,成熟,plant/model/v4/Crop_18_6.png,https://jsq.gptvip.chat/images/plant/model/v4/Crop_18_6.png,桃子/桃子_06_成熟.png,6,0
甘蔗,20047,1020047,40047,200,51,Crop_47,1,thumb,0,作物图,plant/model/v4/Crop_47_Seed.png,https://jsq.gptvip.chat/images/plant/model/v4/Crop_47_Seed.png,甘蔗/甘蔗_00_作物图.png,,
甘蔗,20047,1020047,40047,200,51,Crop_47,1,phase,1,种子,plant/model/v4/Crop_1_1.png,https://jsq.gptvip.chat/images/plant/model/v4/Crop_1_1.png,甘蔗/甘蔗_01_种子.png,Seed,8640
甘蔗,20047,1020047,40047,200,51,Crop_47,1,phase,2,发芽,plant/model/v4/Crop_47_2.png,https://jsq.gptvip.chat/images/plant/model/v4/Crop_47_2.png,甘蔗/甘蔗_02_发芽.png,2,8640
甘蔗,20047,1020047,40047,200,51,Crop_47,1,phase,3,幼苗,plant/model/v4/Crop_47_3.png,https://jsq.gptvip.chat/images/plant/model/v4/Crop_47_3.png,甘蔗/甘蔗_03_幼苗.png,3,8640
甘蔗,20047,1020047,40047,200,51,Crop_47,1,phase,4,分叶,plant/model/v4/Crop_47_4.png,https://jsq.gptvip.chat/images/plant/model/v4/Crop_47_4.png,甘蔗/甘蔗_04_分叶.png,4,8640
甘蔗,20047,1020047,40047,200,51,Crop_47,1,phase,5,伸长,plant/model/v4/Crop_47_5.png,https://jsq.gptvip.chat/images/plant/model/v4/Crop_47_5.png,甘蔗/甘蔗_05_伸长.png,5,8640
甘蔗,20047,1020047,40047,200,51,Crop_47,1,phase,6,成熟,plant/model/v4/Crop_47_6.png,https://jsq.gptvip.chat/images/plant/model/v4/Crop_47_6.png,甘蔗/甘蔗_06_成熟.png,6,0
橙子,20019,1020019,40019,200,52,Crop_19,1,thumb,0,作物图,plant/model/v4/Crop_19_Seed.png,https://jsq.gptvip.chat/images/plant/model/v4/Crop_19_Seed.png,橙子/橙子_00_作物图.png,,
橙子,20019,1020019,40019,200,52,Crop_19,1,phase,1,种子,plant/model/v4/Crop_1_1.png,https://jsq.gptvip.chat/images/plant/model/v4/Crop_1_1.png,橙子/橙子_01_种子.png,Seed,17280
橙子,20019,1020019,40019,200,52,Crop_19,1,phase,2,发芽,plant/model/v4/Crop_19_2.png,https://jsq.gptvip.chat/images/plant/model/v4/Crop_19_2.png,橙子/橙子_02_发芽.png,2,17280
橙子,20019,1020019,40019,200,52,Crop_19,1,phase,3,小叶子,plant/model/v4/Crop_19_3.png,https://jsq.gptvip.chat/images/plant/model/v4/Crop_19_3.png,橙子/橙子_03_小叶子.png,3,17280
橙子,20019,1020019,40019,200,52,Crop_19,1,phase,4,大叶子,plant/model/v4/Crop_19_4.png,https://jsq.gptvip.chat/images/plant/model/v4/Crop_19_4.png,橙子/橙子_04_大叶子.png,4,17280
橙子,20019,1020019,40019,200,52,Crop_19,1,phase,5,开花,plant/model/v4/Crop_19_5.png,https://jsq.gptvip.chat/images/plant/model/v4/Crop_19_5.png,橙子/橙子_05_开花.png,5,17280
橙子,20019,1020019,40019,200,52,Crop_19,1,phase,6,成熟,plant/model/v4/Crop_19_6.png,https://jsq.gptvip.chat/images/plant/model/v4/Crop_19_6.png,橙子/橙子_06_成熟.png,6,0
茉莉花,20128,1020128,40128,200,53,Crop_128,1,thumb,0,作物图,plant/model/v4/Crop_128_Seed.png,https://jsq.gptvip.chat/images/plant/model/v4/Crop_128_Seed.png,茉莉花/茉莉花_00_作物图.png,,
茉莉花,20128,1020128,40128,200,53,Crop_128,1,phase,1,种子,plant/model/v4/Crop_1_1.png,https://jsq.gptvip.chat/images/plant/model/v4/Crop_1_1.png,茉莉花/茉莉花_01_种子.png,Seed,2880
茉莉花,20128,1020128,40128,200,53,Crop_128,1,phase,2,发芽,plant/model/v4/Crop_128_2.png,https://jsq.gptvip.chat/images/plant/model/v4/Crop_128_2.png,茉莉花/茉莉花_02_发芽.png,2,2880
茉莉花,20128,1020128,40128,200,53,Crop_128,1,phase,3,小叶子,plant/model/v4/Crop_128_3.png,https://jsq.gptvip.chat/images/plant/model/v4/Crop_128_3.png,茉莉花/茉莉花_03_小叶子.png,3,2880
茉莉花,20128,1020128,40128,200,53,Crop_128,1,phase,4,大叶子,plant/model/v4/Crop_128_4.png,https://jsq.gptvip.chat/images/plant/model/v4/Crop_128_4.png,茉莉花/茉莉花_04_大叶子.png,4,2880
茉莉花,20128,1020128,40128,200,53,Crop_128,1,phase,5,花蕾,plant/model/v4/Crop_128_5.png,https://jsq.gptvip.chat/images/plant/model/v4/Crop_128_5.png,茉莉花/茉莉花_05_花蕾.png,5,2880
茉莉花,20128,1020128,40128,200,53,Crop_128,1,phase,6,盛开,plant/model/v4/Crop_128_6.png,https://jsq.gptvip.chat/images/plant/model/v4/Crop_128_6.png,茉莉花/茉莉花_06_盛开.png,6,0
葡萄,20013,1020013,40013,200,54,Crop_13,1,thumb,0,作物图,plant/model/v4/Crop_13_Seed.png,https://jsq.gptvip.chat/images/plant/model/v4/Crop_13_Seed.png,葡萄/葡萄_00_作物图.png,,
葡萄,20013,1020013,40013,200,54,Crop_13,1,phase,1,种子,plant/model/v4/Crop_1_1.png,https://jsq.gptvip.chat/images/plant/model/v4/Crop_1_1.png,葡萄/葡萄_01_种子.png,Seed,5760
葡萄,20013,1020013,40013,200,54,Crop_13,1,phase,2,发芽,plant/model/v4/Crop_13_2.png,https://jsq.gptvip.chat/images/plant/model/v4/Crop_13_2.png,葡萄/葡萄_02_发芽.png,2,5760
葡萄,20013,1020013,40013,200,54,Crop_13,1,phase,3,小叶子,plant/model/v4/Crop_13_3.png,https://jsq.gptvip.chat/images/plant/model/v4/Crop_13_3.png,葡萄/葡萄_03_小叶子.png,3,5760
葡萄,20013,1020013,40013,200,54,Crop_13,1,phase,4,大叶子,plant/model/v4/Crop_13_4.png,https://jsq.gptvip.chat/images/plant/model/v4/Crop_13_4.png,葡萄/葡萄_04_大叶子.png,4,5760
葡萄,20013,1020013,40013,200,54,Crop_13,1,phase,5,开花,plant/model/v4/Crop_13_5.png,https://jsq.gptvip.chat/images/plant/model/v4/Crop_13_5.png,葡萄/葡萄_05_开花.png,5,5760
葡萄,20013,1020013,40013,200,54,Crop_13,1,phase,6,成熟,plant/model/v4/Crop_13_6.png,https://jsq.gptvip.chat/images/plant/model/v4/Crop_13_6.png,葡萄/葡萄_06_成熟.png,6,0
丝瓜,20044,1020044,40044,200,55,Crop_44,1,thumb,0,作物图,plant/model/v4/Crop_44_Seed.png,https://jsq.gptvip.chat/images/plant/model/v4/Crop_44_Seed.png,丝瓜/丝瓜_00_作物图.png,,
丝瓜,20044,1020044,40044,200,55,Crop_44,1,phase,1,种子,plant/model/v4/Crop_1_1.png,https://jsq.gptvip.chat/images/plant/model/v4/Crop_1_1.png,丝瓜/丝瓜_01_种子.png,Seed,8640
丝瓜,20044,1020044,40044,200,55,Crop_44,1,phase,2,长枝,plant/model/v4/Crop_44_2.png,https://jsq.gptvip.chat/images/plant/model/v4/Crop_44_2.png,丝瓜/丝瓜_02_长枝.png,2,8640
丝瓜,20044,1020044,40044,200,55,Crop_44,1,phase,3,开花,plant/model/v4/Crop_44_3.png,https://jsq.gptvip.chat/images/plant/model/v4/Crop_44_3.png,丝瓜/丝瓜_03_开花.png,3,8640
丝瓜,20044,1020044,40044,200,55,Crop_44,1,phase,4,小叶子,plant/model/v4/Crop_44_4.png,https://jsq.gptvip.chat/images/plant/model/v4/Crop_44_4.png,丝瓜/丝瓜_04_小叶子.png,4,8640
丝瓜,20044,1020044,40044,200,55,Crop_44,1,phase,5,大叶子,plant/model/v4/Crop_44_5.png,https://jsq.gptvip.chat/images/plant/model/v4/Crop_44_5.png,丝瓜/丝瓜_05_大叶子.png,5,8640
丝瓜,20044,1020044,40044,200,55,Crop_44,1,phase,6,结果,plant/model/v4/Crop_44_6.png,https://jsq.gptvip.chat/images/plant/model/v4/Crop_44_6.png,丝瓜/丝瓜_06_结果.png,6,0
榛子,20072,1020072,40072,200,56,Crop_72,1,thumb,0,作物图,plant/model/v4/Crop_72_Seed.png,https://jsq.gptvip.chat/images/plant/model/v4/Crop_72_Seed.png,榛子/榛子_00_作物图.png,,
榛子,20072,1020072,40072,200,56,Crop_72,1,phase,1,种子,plant/model/v4/Crop_1_1.png,https://jsq.gptvip.chat/images/plant/model/v4/Crop_1_1.png,榛子/榛子_01_种子.png,Seed,17280
榛子,20072,1020072,40072,200,56,Crop_72,1,phase,2,发芽,plant/model/v4/Crop_72_2.png,https://jsq.gptvip.chat/images/plant/model/v4/Crop_72_2.png,榛子/榛子_02_发芽.png,2,17280
榛子,20072,1020072,40072,200,56,Crop_72,1,phase,3,开花,plant/model/v4/Crop_72_3.png,https://jsq.gptvip.chat/images/plant/model/v4/Crop_72_3.png,榛子/榛子_03_开花.png,3,17280
榛子,20072,1020072,40072,200,56,Crop_72,1,phase,4,小叶子,plant/model/v4/Crop_72_4.png,https://jsq.gptvip.chat/images/plant/model/v4/Crop_72_4.png,榛子/榛子_04_小叶子.png,4,17280
榛子,20072,1020072,40072,200,56,Crop_72,1,phase,5,大叶子,plant/model/v4/Crop_72_5.png,https://jsq.gptvip.chat/images/plant/model/v4/Crop_72_5.png,榛子/榛子_05_大叶子.png,5,17280
榛子,20072,1020072,40072,200,56,Crop_72,1,phase,6,成熟,plant/model/v4/Crop_72_6.png,https://jsq.gptvip.chat/images/plant/model/v4/Crop_72_6.png,榛子/榛子_06_成熟.png,6,0
迎春花,20396,1020396,40396,200,57,Crop_396,1,thumb,0,作物图,plant/model/v4/Crop_396_Seed.png,https://jsq.gptvip.chat/images/plant/model/v4/Crop_396_Seed.png,迎春花/迎春花_00_作物图.png,,
迎春花,20396,1020396,40396,200,57,Crop_396,1,phase,1,种子,plant/model/v4/Crop_1_1.png,https://jsq.gptvip.chat/images/plant/model/v4/Crop_1_1.png,迎春花/迎春花_01_种子.png,Seed,2880
迎春花,20396,1020396,40396,200,57,Crop_396,1,phase,2,幼芽,plant/model/v4/Crop_396_2.png,https://jsq.gptvip.chat/images/plant/model/v4/Crop_396_2.png,迎春花/迎春花_02_幼芽.png,2,2880
迎春花,20396,1020396,40396,200,57,Crop_396,1,phase,3,小叶,plant/model/v4/Crop_396_3.png,https://jsq.gptvip.chat/images/plant/model/v4/Crop_396_3.png,迎春花/迎春花_03_小叶.png,3,2880
迎春花,20396,1020396,40396,200,57,Crop_396,1,phase,4,大叶,plant/model/v4/Crop_396_4.png,https://jsq.gptvip.chat/images/plant/model/v4/Crop_396_4.png,迎春花/迎春花_04_大叶.png,4,2880
迎春花,20396,1020396,40396,200,57,Crop_396,1,phase,5,花蕾,plant/model/v4/Crop_396_5.png,https://jsq.gptvip.chat/images/plant/model/v4/Crop_396_5.png,迎春花/迎春花_05_花蕾.png,5,2880
迎春花,20396,1020396,40396,200,57,Crop_396,1,phase,6,开花,plant/model/v4/Crop_396_6.png,https://jsq.gptvip.chat/images/plant/model/v4/Crop_396_6.png,迎春花/迎春花_06_开花.png,6,0
石榴,20023,1020023,40023,200,58,Crop_23,1,thumb,0,作物图,plant/model/v4/Crop_23_Seed.png,https://jsq.gptvip.chat/images/plant/model/v4/Crop_23_Seed.png,石榴/石榴_00_作物图.png,,
石榴,20023,1020023,40023,200,58,Crop_23,1,phase,1,种子,plant/model/v4/Crop_1_1.png,https://jsq.gptvip.chat/images/plant/model/v4/Crop_1_1.png,石榴/石榴_01_种子.png,Seed,5760
石榴,20023,1020023,40023,200,58,Crop_23,1,phase,2,发芽,plant/model/v4/Crop_23_2.png,https://jsq.gptvip.chat/images/plant/model/v4/Crop_23_2.png,石榴/石榴_02_发芽.png,2,5760
石榴,20023,1020023,40023,200,58,Crop_23,1,phase,3,小叶子,plant/model/v4/Crop_23_3.png,https://jsq.gptvip.chat/images/plant/model/v4/Crop_23_3.png,石榴/石榴_03_小叶子.png,3,5760
石榴,20023,1020023,40023,200,58,Crop_23,1,phase,4,大叶子,plant/model/v4/Crop_23_4.png,https://jsq.gptvip.chat/images/plant/model/v4/Crop_23_4.png,石榴/石榴_04_大叶子.png,4,5760
石榴,20023,1020023,40023,200,58,Crop_23,1,phase,5,开花,plant/model/v4/Crop_23_5.png,https://jsq.gptvip.chat/images/plant/model/v4/Crop_23_5.png,石榴/石榴_05_开花.png,5,5760
石榴,20023,1020023,40023,200,58,Crop_23,1,phase,6,成熟,plant/model/v4/Crop_23_6.png,https://jsq.gptvip.chat/images/plant/model/v4/Crop_23_6.png,石榴/石榴_06_成熟.png,6,0
栗子,20095,1020095,40095,200,59,Crop_95,1,thumb,0,作物图,plant/model/v4/Crop_95_Seed.png,https://jsq.gptvip.chat/images/plant/model/v4/Crop_95_Seed.png,栗子/栗子_00_作物图.png,,
栗子,20095,1020095,40095,200,59,Crop_95,1,phase,1,种子,plant/model/v4/Crop_1_1.png,https://jsq.gptvip.chat/images/plant/model/v4/Crop_1_1.png,栗子/栗子_01_种子.png,Seed,8640
栗子,20095,1020095,40095,200,59,Crop_95,1,phase,2,发芽,plant/model/v4/Crop_95_2.png,https://jsq.gptvip.chat/images/plant/model/v4/Crop_95_2.png,栗子/栗子_02_发芽.png,2,8640
栗子,20095,1020095,40095,200,59,Crop_95,1,phase,3,小叶子,plant/model/v4/Crop_95_3.png,https://jsq.gptvip.chat/images/plant/model/v4/Crop_95_3.png,栗子/栗子_03_小叶子.png,3,8640
栗子,20095,1020095,40095,200,59,Crop_95,1,phase,4,大叶子,plant/model/v4/Crop_95_4.png,https://jsq.gptvip.chat/images/plant/model/v4/Crop_95_4.png,栗子/栗子_04_大叶子.png,4,8640
栗子,20095,1020095,40095,200,59,Crop_95,1,phase,5,开花,plant/model/v4/Crop_95_5.png,https://jsq.gptvip.chat/images/plant/model/v4/Crop_95_5.png,栗子/栗子_05_开花.png,5,8640
栗子,20095,1020095,40095,200,59,Crop_95,1,phase,6,成熟,plant/model/v4/Crop_95_6.png,https://jsq.gptvip.chat/images/plant/model/v4/Crop_95_6.png,栗子/栗子_06_成熟.png,6,0
柚子,20026,1020026,40026,200,60,Crop_26,1,thumb,0,作物图,plant/model/v4/Crop_26_Seed.png,https://jsq.gptvip.chat/images/plant/model/v4/Crop_26_Seed.png,柚子/柚子_00_作物图.png,,
柚子,20026,1020026,40026,200,60,Crop_26,1,phase,1,种子,plant/model/v4/Crop_1_1.png,https://jsq.gptvip.chat/images/plant/model/v4/Crop_1_1.png,柚子/柚子_01_种子.png,Seed,17280
柚子,20026,1020026,40026,200,60,Crop_26,1,phase,2,发芽,plant/model/v4/Crop_26_2.png,https://jsq.gptvip.chat/images/plant/model/v4/Crop_26_2.png,柚子/柚子_02_发芽.png,2,17280
柚子,20026,1020026,40026,200,60,Crop_26,1,phase,3,小叶子,plant/model/v4/Crop_26_3.png,https://jsq.gptvip.chat/images/plant/model/v4/Crop_26_3.png,柚子/柚子_03_小叶子.png,3,17280
柚子,20026,1020026,40026,200,60,Crop_26,1,phase,4,大叶子,plant/model/v4/Crop_26_4.png,https://jsq.gptvip.chat/images/plant/model/v4/Crop_26_4.png,柚子/柚子_04_大叶子.png,4,17280
柚子,20026,1020026,40026,200,60,Crop_26,1,phase,5,开花,plant/model/v4/Crop_26_5.png,https://jsq.gptvip.chat/images/plant/model/v4/Crop_26_5.png,柚子/柚子_05_开花.png,5,17280
柚子,20026,1020026,40026,200,60,Crop_26,1,phase,6,成熟,plant/model/v4/Crop_26_6.png,https://jsq.gptvip.chat/images/plant/model/v4/Crop_26_6.png,柚子/柚子_06_成熟.png,6,0
蘑菇,20050,1020050,40050,200,61,Crop_50,1,thumb,0,作物图,plant/model/v4/Crop_50_Seed.png,https://jsq.gptvip.chat/images/plant/model/v4/Crop_50_Seed.png,蘑菇/蘑菇_00_作物图.png,,
蘑菇,20050,1020050,40050,200,61,Crop_50,1,phase,1,种子,plant/model/v4/Crop_1_1.png,https://jsq.gptvip.chat/images/plant/model/v4/Crop_1_1.png,蘑菇/蘑菇_01_种子.png,Seed,3600
蘑菇,20050,1020050,40050,200,61,Crop_50,1,phase,2,发芽,plant/model/v4/Crop_50_2.png,https://jsq.gptvip.chat/images/plant/model/v4/Crop_50_2.png,蘑菇/蘑菇_02_发芽.png,2,3600
蘑菇,20050,1020050,40050,200,61,Crop_50,1,phase,3,大叶子,plant/model/v4/Crop_50_3.png,https://jsq.gptvip.chat/images/plant/model/v4/Crop_50_3.png,蘑菇/蘑菇_03_大叶子.png,3,3600
蘑菇,20050,1020050,40050,200,61,Crop_50,1,phase,4,初熟,plant/model/v4/Crop_50_5.png,https://jsq.gptvip.chat/images/plant/model/v4/Crop_50_5.png,蘑菇/蘑菇_04_初熟.png,5,3600
蘑菇,20050,1020050,40050,200,61,Crop_50,1,phase,5,成熟,plant/model/v4/Crop_50_6.png,https://jsq.gptvip.chat/images/plant/model/v4/Crop_50_6.png,蘑菇/蘑菇_05_成熟.png,6,0
菠萝,20027,1020027,40027,200,62,Crop_27,1,thumb,0,作物图,plant/model/v4/Crop_27_Seed.png,https://jsq.gptvip.chat/images/plant/model/v4/Crop_27_Seed.png,菠萝/菠萝_00_作物图.png,,
菠萝,20027,1020027,40027,200,62,Crop_27,1,phase,1,种子,plant/model/v4/Crop_1_1.png,https://jsq.gptvip.chat/images/plant/model/v4/Crop_1_1.png,菠萝/菠萝_01_种子.png,Seed,4800
菠萝,20027,1020027,40027,200,62,Crop_27,1,phase,2,发芽,plant/model/v4/Crop_27_2.png,https://jsq.gptvip.chat/images/plant/model/v4/Crop_27_2.png,菠萝/菠萝_02_发芽.png,2,4800
菠萝,20027,1020027,40027,200,62,Crop_27,1,phase,3,小叶子,plant/model/v4/Crop_27_3.png,https://jsq.gptvip.chat/images/plant/model/v4/Crop_27_3.png,菠萝/菠萝_03_小叶子.png,3,4800
菠萝,20027,1020027,40027,200,62,Crop_27,1,phase,4,大叶子,plant/model/v4/Crop_27_4.png,https://jsq.gptvip.chat/images/plant/model/v4/Crop_27_4.png,菠萝/菠萝_04_大叶子.png,4,7200
菠萝,20027,1020027,40027,200,62,Crop_27,1,phase,5,开花,plant/model/v4/Crop_27_5.png,https://jsq.gptvip.chat/images/plant/model/v4/Crop_27_5.png,菠萝/菠萝_05_开花.png,5,7200
菠萝,20027,1020027,40027,200,62,Crop_27,1,phase,6,成熟,plant/model/v4/Crop_27_6.png,https://jsq.gptvip.chat/images/plant/model/v4/Crop_27_6.png,菠萝/菠萝_06_成熟.png,6,0
箬竹,20036,1020036,40036,200,63,Crop_36,1,thumb,0,作物图,plant/model/v4/Crop_36_Seed.png,https://jsq.gptvip.chat/images/plant/model/v4/Crop_36_Seed.png,箬竹/箬竹_00_作物图.png,,
箬竹,20036,1020036,40036,200,63,Crop_36,1,phase,1,种子,plant/model/v4/Crop_1_1.png,https://jsq.gptvip.chat/images/plant/model/v4/Crop_1_1.png,箬竹/箬竹_01_种子.png,Seed,7200
箬竹,20036,1020036,40036,200,63,Crop_36,1,phase,2,发芽,plant/model/v4/Crop_36_2.png,https://jsq.gptvip.chat/images/plant/model/v4/Crop_36_2.png,箬竹/箬竹_02_发芽.png,2,7200
箬竹,20036,1020036,40036,200,63,Crop_36,1,phase,3,小叶子,plant/model/v4/Crop_36_3.png,https://jsq.gptvip.chat/images/plant/model/v4/Crop_36_3.png,箬竹/箬竹_03_小叶子.png,3,7200
箬竹,20036,1020036,40036,200,63,Crop_36,1,phase,4,大叶子,plant/model/v4/Crop_36_4.png,https://jsq.gptvip.chat/images/plant/model/v4/Crop_36_4.png,箬竹/箬竹_04_大叶子.png,4,10800
箬竹,20036,1020036,40036,200,63,Crop_36,1,phase,5,初熟,plant/model/v4/Crop_36_5.png,https://jsq.gptvip.chat/images/plant/model/v4/Crop_36_5.png,箬竹/箬竹_05_初熟.png,5,10800
箬竹,20036,1020036,40036,200,63,Crop_36,1,phase,6,成熟,plant/model/v4/Crop_36_6.png,https://jsq.gptvip.chat/images/plant/model/v4/Crop_36_6.png,箬竹/箬竹_06_成熟.png,6,0
无花果,20043,1020043,40043,200,64,Crop_43,1,thumb,0,作物图,plant/model/v4/Crop_43_Seed.png,https://jsq.gptvip.chat/images/plant/model/v4/Crop_43_Seed.png,无花果/无花果_00_作物图.png,,
无花果,20043,1020043,40043,200,64,Crop_43,1,phase,1,种子,plant/model/v4/Crop_1_1.png,https://jsq.gptvip.chat/images/plant/model/v4/Crop_1_1.png,无花果/无花果_01_种子.png,Seed,14400
无花果,20043,1020043,40043,200,64,Crop_43,1,phase,2,发芽,plant/model/v4/Crop_43_2.png,https://jsq.gptvip.chat/images/plant/model/v4/Crop_43_2.png,无花果/无花果_02_发芽.png,2,14400
无花果,20043,1020043,40043,200,64,Crop_43,1,phase,3,小叶子,plant/model/v4/Crop_43_3.png,https://jsq.gptvip.chat/images/plant/model/v4/Crop_43_3.png,无花果/无花果_03_小叶子.png,3,14400
无花果,20043,1020043,40043,200,64,Crop_43,1,phase,4,大叶子,plant/model/v4/Crop_43_4.png,https://jsq.gptvip.chat/images/plant/model/v4/Crop_43_4.png,无花果/无花果_04_大叶子.png,4,21600
无花果,20043,1020043,40043,200,64,Crop_43,1,phase,5,开花,plant/model/v4/Crop_43_5.png,https://jsq.gptvip.chat/images/plant/model/v4/Crop_43_5.png,无花果/无花果_05_开花.png,5,21600
无花果,20043,1020043,40043,200,64,Crop_43,1,phase,6,成熟,plant/model/v4/Crop_43_6.png,https://jsq.gptvip.chat/images/plant/model/v4/Crop_43_6.png,无花果/无花果_06_成熟.png,6,0
椰子,20029,1020029,40029,200,65,Crop_29,1,thumb,0,作物图,plant/model/v4/Crop_29_Seed.png,https://jsq.gptvip.chat/images/plant/model/v4/Crop_29_Seed.png,椰子/椰子_00_作物图.png,,
椰子,20029,1020029,40029,200,65,Crop_29,1,phase,1,种子,plant/model/v4/Crop_1_1.png,https://jsq.gptvip.chat/images/plant/model/v4/Crop_1_1.png,椰子/椰子_01_种子.png,Seed,2400
椰子,20029,1020029,40029,200,65,Crop_29,1,phase,2,发芽,plant/model/v4/Crop_29_2.png,https://jsq.gptvip.chat/images/plant/model/v4/Crop_29_2.png,椰子/椰子_02_发芽.png,2,2400
椰子,20029,1020029,40029,200,65,Crop_29,1,phase,3,小叶子,plant/model/v4/Crop_29_3.png,https://jsq.gptvip.chat/images/plant/model/v4/Crop_29_3.png,椰子/椰子_03_小叶子.png,3,2400
椰子,20029,1020029,40029,200,65,Crop_29,1,phase,4,大叶子,plant/model/v4/Crop_29_4.png,https://jsq.gptvip.chat/images/plant/model/v4/Crop_29_4.png,椰子/椰子_04_大叶子.png,4,3600
椰子,20029,1020029,40029,200,65,Crop_29,1,phase,5,初熟,plant/model/v4/Crop_29_5.png,https://jsq.gptvip.chat/images/plant/model/v4/Crop_29_5.png,椰子/椰子_05_初熟.png,5,3600
椰子,20029,1020029,40029,200,65,Crop_29,1,phase,6,成熟,plant/model/v4/Crop_29_6.png,https://jsq.gptvip.chat/images/plant/model/v4/Crop_29_6.png,椰子/椰子_06_成熟.png,6,0
花生,20049,1020049,40049,200,66,Crop_49,1,thumb,0,作物图,plant/model/v4/Crop_49_Seed.png,https://jsq.gptvip.chat/images/plant/model/v4/Crop_49_Seed.png,花生/花生_00_作物图.png,,
花生,20049,1020049,40049,200,66,Crop_49,1,phase,1,种子,plant/model/v4/Crop_1_1.png,https://jsq.gptvip.chat/images/plant/model/v4/Crop_1_1.png,花生/花生_01_种子.png,Seed,4800
花生,20049,1020049,40049,200,66,Crop_49,1,phase,2,发芽,plant/model/v4/Crop_49_2.png,https://jsq.gptvip.chat/images/plant/model/v4/Crop_49_2.png,花生/花生_02_发芽.png,2,4800
花生,20049,1020049,40049,200,66,Crop_49,1,phase,3,小叶子,plant/model/v4/Crop_49_3.png,https://jsq.gptvip.chat/images/plant/model/v4/Crop_49_3.png,花生/花生_03_小叶子.png,3,4800
花生,20049,1020049,40049,200,66,Crop_49,1,phase,4,大叶子,plant/model/v4/Crop_49_4.png,https://jsq.gptvip.chat/images/plant/model/v4/Crop_49_4.png,花生/花生_04_大叶子.png,4,7200
花生,20049,1020049,40049,200,66,Crop_49,1,phase,5,初熟,plant/model/v4/Crop_49_5.png,https://jsq.gptvip.chat/images/plant/model/v4/Crop_49_5.png,花生/花生_05_初熟.png,5,7200
花生,20049,1020049,40049,200,66,Crop_49,1,phase,6,成熟,plant/model/v4/Crop_49_6.png,https://jsq.gptvip.chat/images/plant/model/v4/Crop_49_6.png,花生/花生_06_成熟.png,6,0
金针菇,20052,1020052,40052,200,67,Crop_52,1,thumb,0,作物图,plant/model/v4/Crop_52_Seed.png,https://jsq.gptvip.chat/images/plant/model/v4/Crop_52_Seed.png,金针菇/金针菇_00_作物图.png,,
金针菇,20052,1020052,40052,200,67,Crop_52,1,phase,1,种子,plant/model/v4/Crop_1_1.png,https://jsq.gptvip.chat/images/plant/model/v4/Crop_1_1.png,金针菇/金针菇_01_种子.png,Seed,7200
金针菇,20052,1020052,40052,200,67,Crop_52,1,phase,2,发菌,plant/model/v4/Crop_52_2.png,https://jsq.gptvip.chat/images/plant/model/v4/Crop_52_2.png,金针菇/金针菇_02_发菌.png,2,7200
金针菇,20052,1020052,40052,200,67,Crop_52,1,phase,3,出菇,plant/model/v4/Crop_52_3.png,https://jsq.gptvip.chat/images/plant/model/v4/Crop_52_3.png,金针菇/金针菇_03_出菇.png,3,7200
金针菇,20052,1020052,40052,200,67,Crop_52,1,phase,4,幼菇,plant/model/v4/Crop_52_4.png,https://jsq.gptvip.chat/images/plant/model/v4/Crop_52_4.png,金针菇/金针菇_04_幼菇.png,4,10800
金针菇,20052,1020052,40052,200,67,Crop_52,1,phase,5,初熟,plant/model/v4/Crop_52_5.png,https://jsq.gptvip.chat/images/plant/model/v4/Crop_52_5.png,金针菇/金针菇_05_初熟.png,5,10800
金针菇,20052,1020052,40052,200,67,Crop_52,1,phase,6,成熟,plant/model/v4/Crop_52_6.png,https://jsq.gptvip.chat/images/plant/model/v4/Crop_52_6.png,金针菇/金针菇_06_成熟.png,6,0
葫芦,20031,1020031,40031,200,68,Crop_31,1,thumb,0,作物图,plant/model/v4/Crop_31_Seed.png,https://jsq.gptvip.chat/images/plant/model/v4/Crop_31_Seed.png,葫芦/葫芦_00_作物图.png,,
葫芦,20031,1020031,40031,200,68,Crop_31,1,phase,1,种子,plant/model/v4/Crop_1_1.png,https://jsq.gptvip.chat/images/plant/model/v4/Crop_1_1.png,葫芦/葫芦_01_种子.png,Seed,14400
葫芦,20031,1020031,40031,200,68,Crop_31,1,phase,2,发芽,plant/model/v4/Crop_31_2.png,https://jsq.gptvip.chat/images/plant/model/v4/Crop_31_2.png,葫芦/葫芦_02_发芽.png,2,14400
葫芦,20031,1020031,40031,200,68,Crop_31,1,phase,3,小叶子,plant/model/v4/Crop_31_3.png,https://jsq.gptvip.chat/images/plant/model/v4/Crop_31_3.png,葫芦/葫芦_03_小叶子.png,3,14400
葫芦,20031,1020031,40031,200,68,Crop_31,1,phase,4,大叶子,plant/model/v4/Crop_31_4.png,https://jsq.gptvip.chat/images/plant/model/v4/Crop_31_4.png,葫芦/葫芦_04_大叶子.png,4,21600
葫芦,20031,1020031,40031,200,68,Crop_31,1,phase,5,初熟,plant/model/v4/Crop_31_5.png,https://jsq.gptvip.chat/images/plant/model/v4/Crop_31_5.png,葫芦/葫芦_05_初熟.png,5,21600
葫芦,20031,1020031,40031,200,68,Crop_31,1,phase,6,成熟,plant/model/v4/Crop_31_6.png,https://jsq.gptvip.chat/images/plant/model/v4/Crop_31_6.png,葫芦/葫芦_06_成熟.png,6,0
猕猴桃,20045,1020045,40045,200,69,Crop_45,1,thumb,0,作物图,plant/model/v4/Crop_45_Seed.png,https://jsq.gptvip.chat/images/plant/model/v4/Crop_45_Seed.png,猕猴桃/猕猴桃_00_作物图.png,,
猕猴桃,20045,1020045,40045,200,69,Crop_45,1,phase,1,种子,plant/model/v4/Crop_1_1.png,https://jsq.gptvip.chat/images/plant/model/v4/Crop_1_1.png,猕猴桃/猕猴桃_01_种子.png,Seed,2400
猕猴桃,20045,1020045,40045,200,69,Crop_45,1,phase,2,发芽,plant/model/v4/Crop_45_2.png,https://jsq.gptvip.chat/images/plant/model/v4/Crop_45_2.png,猕猴桃/猕猴桃_02_发芽.png,2,2400
猕猴桃,20045,1020045,40045,200,69,Crop_45,1,phase,3,小叶子,plant/model/v4/Crop_45_3.png,https://jsq.gptvip.chat/images/plant/model/v4/Crop_45_3.png,猕猴桃/猕猴桃_03_小叶子.png,3,2400
猕猴桃,20045,1020045,40045,200,69,Crop_45,1,phase,4,大叶子,plant/model/v4/Crop_45_4.png,https://jsq.gptvip.chat/images/plant/model/v4/Crop_45_4.png,猕猴桃/猕猴桃_04_大叶子.png,4,3600
猕猴桃,20045,1020045,40045,200,69,Crop_45,1,phase,5,开花,plant/model/v4/Crop_45_5.png,https://jsq.gptvip.chat/images/plant/model/v4/Crop_45_5.png,猕猴桃/猕猴桃_05_开花.png,5,3600
猕猴桃,20045,1020045,40045,200,69,Crop_45,1,phase,6,成熟,plant/model/v4/Crop_45_6.png,https://jsq.gptvip.chat/images/plant/model/v4/Crop_45_6.png,猕猴桃/猕猴桃_06_成熟.png,6,0
梨,20054,1020054,40054,200,70,Crop_54,1,thumb,0,作物图,plant/model/v4/Crop_54_Seed.png,https://jsq.gptvip.chat/images/plant/model/v4/Crop_54_Seed.png,梨/梨_00_作物图.png,,
梨,20054,1020054,40054,200,70,Crop_54,1,phase,1,种子,plant/model/v4/Crop_1_1.png,https://jsq.gptvip.chat/images/plant/model/v4/Crop_1_1.png,梨/梨_01_种子.png,Seed,4800
梨,20054,1020054,40054,200,70,Crop_54,1,phase,2,发芽,plant/model/v4/Crop_54_2.png,https://jsq.gptvip.chat/images/plant/model/v4/Crop_54_2.png,梨/梨_02_发芽.png,2,4800
梨,20054,1020054,40054,200,70,Crop_54,1,phase,3,小叶子,plant/model/v4/Crop_54_3.png,https://jsq.gptvip.chat/images/plant/model/v4/Crop_54_3.png,梨/梨_03_小叶子.png,3,4800
梨,20054,1020054,40054,200,70,Crop_54,1,phase,4,大叶子,plant/model/v4/Crop_54_4.png,https://jsq.gptvip.chat/images/plant/model/v4/Crop_54_4.png,梨/梨_04_大叶子.png,4,7200
梨,20054,1020054,40054,200,70,Crop_54,1,phase,5,初熟,plant/model/v4/Crop_54_5.png,https://jsq.gptvip.chat/images/plant/model/v4/Crop_54_5.png,梨/梨_05_初熟.png,5,7200
梨,20054,1020054,40054,200,70,Crop_54,1,phase,6,成熟,plant/model/v4/Crop_54_6.png,https://jsq.gptvip.chat/images/plant/model/v4/Crop_54_6.png,梨/梨_06_成熟.png,6,0
睡莲,20442,1020442,40442,200,71,Crop_442,1,thumb,0,作物图,plant/model/v4/Crop_442_Seed.png,https://jsq.gptvip.chat/images/plant/model/v4/Crop_442_Seed.png,睡莲/睡莲_00_作物图.png,,
睡莲,20442,1020442,40442,200,71,Crop_442,1,phase,1,种子,plant/model/v4/Crop_1_1.png,https://jsq.gptvip.chat/images/plant/model/v4/Crop_1_1.png,睡莲/睡莲_01_种子.png,Seed,7200
睡莲,20442,1020442,40442,200,71,Crop_442,1,phase,2,发芽,plant/model/v4/Crop_442_2.png,https://jsq.gptvip.chat/images/plant/model/v4/Crop_442_2.png,睡莲/睡莲_02_发芽.png,2,7200
睡莲,20442,1020442,40442,200,71,Crop_442,1,phase,3,小叶子,plant/model/v4/Crop_442_3.png,https://jsq.gptvip.chat/images/plant/model/v4/Crop_442_3.png,睡莲/睡莲_03_小叶子.png,3,7200
睡莲,20442,1020442,40442,200,71,Crop_442,1,phase,4,大叶子,plant/model/v4/Crop_442_4.png,https://jsq.gptvip.chat/images/plant/model/v4/Crop_442_4.png,睡莲/睡莲_04_大叶子.png,4,10800
睡莲,20442,1020442,40442,200,71,Crop_442,1,phase,5,幼株,plant/model/v4/Crop_442_5.png,https://jsq.gptvip.chat/images/plant/model/v4/Crop_442_5.png,睡莲/睡莲_05_幼株.png,5,10800
睡莲,20442,1020442,40442,200,71,Crop_442,1,phase,6,成熟,plant/model/v4/Crop_442_6.png,https://jsq.gptvip.chat/images/plant/model/v4/Crop_442_6.png,睡莲/睡莲_06_成熟.png,6,0
火龙果,20033,1020033,40033,200,72,Crop_33,1,thumb,0,作物图,plant/model/v4/Crop_33_Seed.png,https://jsq.gptvip.chat/images/plant/model/v4/Crop_33_Seed.png,火龙果/火龙果_00_作物图.png,,
火龙果,20033,1020033,40033,200,72,Crop_33,1,phase,1,种子,plant/model/v4/Crop_1_1.png,https://jsq.gptvip.chat/images/plant/model/v4/Crop_1_1.png,火龙果/火龙果_01_种子.png,Seed,14400
火龙果,20033,1020033,40033,200,72,Crop_33,1,phase,2,发芽,plant/model/v4/Crop_33_2.png,https://jsq.gptvip.chat/images/plant/model/v4/Crop_33_2.png,火龙果/火龙果_02_发芽.png,2,14400
火龙果,20033,1020033,40033,200,72,Crop_33,1,phase,3,小叶子,plant/model/v4/Crop_33_3.png,https://jsq.gptvip.chat/images/plant/model/v4/Crop_33_3.png,火龙果/火龙果_03_小叶子.png,3,14400
火龙果,20033,1020033,40033,200,72,Crop_33,1,phase,4,大叶子,plant/model/v4/Crop_33_4.png,https://jsq.gptvip.chat/images/plant/model/v4/Crop_33_4.png,火龙果/火龙果_04_大叶子.png,4,21600
火龙果,20033,1020033,40033,200,72,Crop_33,1,phase,5,初熟,plant/model/v4/Crop_33_5.png,https://jsq.gptvip.chat/images/plant/model/v4/Crop_33_5.png,火龙果/火龙果_05_初熟.png,5,21600
火龙果,20033,1020033,40033,200,72,Crop_33,1,phase,6,成熟,plant/model/v4/Crop_33_6.png,https://jsq.gptvip.chat/images/plant/model/v4/Crop_33_6.png,火龙果/火龙果_06_成熟.png,6,0
枇杷,20055,1020055,40055,200,73,Crop_55,1,thumb,0,作物图,plant/model/v4/Crop_55_Seed.png,https://jsq.gptvip.chat/images/plant/model/v4/Crop_55_Seed.png,枇杷/枇杷_00_作物图.png,,
枇杷,20055,1020055,40055,200,73,Crop_55,1,phase,1,种子,plant/model/v4/Crop_1_1.png,https://jsq.gptvip.chat/images/plant/model/v4/Crop_1_1.png,枇杷/枇杷_01_种子.png,Seed,2400
枇杷,20055,1020055,40055,200,73,Crop_55,1,phase,2,发芽,plant/model/v4/Crop_55_2.png,https://jsq.gptvip.chat/images/plant/model/v4/Crop_55_2.png,枇杷/枇杷_02_发芽.png,2,2400
枇杷,20055,1020055,40055,200,73,Crop_55,1,phase,3,小叶子,plant/model/v4/Crop_55_3.png,https://jsq.gptvip.chat/images/plant/model/v4/Crop_55_3.png,枇杷/枇杷_03_小叶子.png,3,2400
枇杷,20055,1020055,40055,200,73,Crop_55,1,phase,4,大叶子,plant/model/v4/Crop_55_4.png,https://jsq.gptvip.chat/images/plant/model/v4/Crop_55_4.png,枇杷/枇杷_04_大叶子.png,4,3600
枇杷,20055,1020055,40055,200,73,Crop_55,1,phase,5,初熟,plant/model/v4/Crop_55_5.png,https://jsq.gptvip.chat/images/plant/model/v4/Crop_55_5.png,枇杷/枇杷_05_初熟.png,5,3600
枇杷,20055,1020055,40055,200,73,Crop_55,1,phase,6,成熟,plant/model/v4/Crop_55_6.png,https://jsq.gptvip.chat/images/plant/model/v4/Crop_55_6.png,枇杷/枇杷_06_成熟.png,6,0
樱桃,20034,1020034,40034,200,74,Crop_34,1,thumb,0,作物图,plant/model/v4/Crop_34_Seed.png,https://jsq.gptvip.chat/images/plant/model/v4/Crop_34_Seed.png,樱桃/樱桃_00_作物图.png,,
樱桃,20034,1020034,40034,200,74,Crop_34,1,phase,1,种子,plant/model/v4/Crop_1_1.png,https://jsq.gptvip.chat/images/plant/model/v4/Crop_1_1.png,樱桃/樱桃_01_种子.png,Seed,4800
樱桃,20034,1020034,40034,200,74,Crop_34,1,phase,2,发芽,plant/model/v4/Crop_34_2.png,https://jsq.gptvip.chat/images/plant/model/v4/Crop_34_2.png,樱桃/樱桃_02_发芽.png,2,4800
樱桃,20034,1020034,40034,200,74,Crop_34,1,phase,3,小叶子,plant/model/v4/Crop_34_3.png,https://jsq.gptvip.chat/images/plant/model/v4/Crop_34_3.png,樱桃/樱桃_03_小叶子.png,3,4800
樱桃,20034,1020034,40034,200,74,Crop_34,1,phase,4,大叶子,plant/model/v4/Crop_34_4.png,https://jsq.gptvip.chat/images/plant/model/v4/Crop_34_4.png,樱桃/樱桃_04_大叶子.png,4,7200
樱桃,20034,1020034,40034,200,74,Crop_34,1,phase,5,开花,plant/model/v4/Crop_34_5.png,https://jsq.gptvip.chat/images/plant/model/v4/Crop_34_5.png,樱桃/樱桃_05_开花.png,5,7200
樱桃,20034,1020034,40034,200,74,Crop_34,1,phase,6,成熟,plant/model/v4/Crop_34_6.png,https://jsq.gptvip.chat/images/plant/model/v4/Crop_34_6.png,樱桃/樱桃_06_成熟.png,6,0
李子,20413,1020413,40413,200,75,Crop_413,1,thumb,0,作物图,plant/model/v4/Crop_413_Seed.png,https://jsq.gptvip.chat/images/plant/model/v4/Crop_413_Seed.png,李子/李子_00_作物图.png,,
李子,20413,1020413,40413,200,75,Crop_413,1,phase,1,种子,plant/model/v4/Crop_1_1.png,https://jsq.gptvip.chat/images/plant/model/v4/Crop_1_1.png,李子/李子_01_种子.png,Seed,7200
李子,20413,1020413,40413,200,75,Crop_413,1,phase,2,发芽,plant/model/v4/Crop_413_2.png,https://jsq.gptvip.chat/images/plant/model/v4/Crop_413_2.png,李子/李子_02_发芽.png,2,7200
李子,20413,1020413,40413,200,75,Crop_413,1,phase,3,小叶子,plant/model/v4/Crop_413_3.png,https://jsq.gptvip.chat/images/plant/model/v4/Crop_413_3.png,李子/李子_03_小叶子.png,3,7200
李子,20413,1020413,40413,200,75,Crop_413,1,phase,4,大叶子,plant/model/v4/Crop_413_4.png,https://jsq.gptvip.chat/images/plant/model/v4/Crop_413_4.png,李子/李子_04_大叶子.png,4,10800
李子,20413,1020413,40413,200,75,Crop_413,1,phase,5,开花,plant/model/v4/Crop_413_5.png,https://jsq.gptvip.chat/images/plant/model/v4/Crop_413_5.png,李子/李子_05_开花.png,5,10800
李子,20413,1020413,40413,200,75,Crop_413,1,phase,6,成熟,plant/model/v4/Crop_413_6.png,https://jsq.gptvip.chat/images/plant/model/v4/Crop_413_6.png,李子/李子_06_成熟.png,6,0
荔枝,20035,1020035,40035,200,76,Crop_35,1,thumb,0,作物图,plant/model/v4/Crop_35_Seed.png,https://jsq.gptvip.chat/images/plant/model/v4/Crop_35_Seed.png,荔枝/荔枝_00_作物图.png,,
荔枝,20035,1020035,40035,200,76,Crop_35,1,phase,1,种子,plant/model/v4/Crop_1_1.png,https://jsq.gptvip.chat/images/plant/model/v4/Crop_1_1.png,荔枝/荔枝_01_种子.png,Seed,14400
荔枝,20035,1020035,40035,200,76,Crop_35,1,phase,2,发芽,plant/model/v4/Crop_35_2.png,https://jsq.gptvip.chat/images/plant/model/v4/Crop_35_2.png,荔枝/荔枝_02_发芽.png,2,14400
荔枝,20035,1020035,40035,200,76,Crop_35,1,phase,3,小叶子,plant/model/v4/Crop_35_3.png,https://jsq.gptvip.chat/images/plant/model/v4/Crop_35_3.png,荔枝/荔枝_03_小叶子.png,3,14400
荔枝,20035,1020035,40035,200,76,Crop_35,1,phase,4,大叶子,plant/model/v4/Crop_35_4.png,https://jsq.gptvip.chat/images/plant/model/v4/Crop_35_4.png,荔枝/荔枝_04_大叶子.png,4,21600
荔枝,20035,1020035,40035,200,76,Crop_35,1,phase,5,开花,plant/model/v4/Crop_35_5.png,https://jsq.gptvip.chat/images/plant/model/v4/Crop_35_5.png,荔枝/荔枝_05_开花.png,5,21600
荔枝,20035,1020035,40035,200,76,Crop_35,1,phase,6,成熟,plant/model/v4/Crop_35_6.png,https://jsq.gptvip.chat/images/plant/model/v4/Crop_35_6.png,荔枝/荔枝_06_成熟.png,6,0
香瓜,20067,1020067,40067,200,77,Crop_67,1,thumb,0,作物图,plant/model/v4/Crop_67_Seed.png,https://jsq.gptvip.chat/images/plant/model/v4/Crop_67_Seed.png,香瓜/香瓜_00_作物图.png,,
香瓜,20067,1020067,40067,200,77,Crop_67,1,phase,1,种子,plant/model/v4/Crop_1_1.png,https://jsq.gptvip.chat/images/plant/model/v4/Crop_1_1.png,香瓜/香瓜_01_种子.png,Seed,2400
香瓜,20067,1020067,40067,200,77,Crop_67,1,phase,2,发芽,plant/model/v4/Crop_67_2.png,https://jsq.gptvip.chat/images/plant/model/v4/Crop_67_2.png,香瓜/香瓜_02_发芽.png,2,2400
香瓜,20067,1020067,40067,200,77,Crop_67,1,phase,3,小叶子,plant/model/v4/Crop_67_3.png,https://jsq.gptvip.chat/images/plant/model/v4/Crop_67_3.png,香瓜/香瓜_03_小叶子.png,3,2400
香瓜,20067,1020067,40067,200,77,Crop_67,1,phase,4,大叶子,plant/model/v4/Crop_67_4.png,https://jsq.gptvip.chat/images/plant/model/v4/Crop_67_4.png,香瓜/香瓜_04_大叶子.png,4,3600
香瓜,20067,1020067,40067,200,77,Crop_67,1,phase,5,开花,plant/model/v4/Crop_67_5.png,https://jsq.gptvip.chat/images/plant/model/v4/Crop_67_5.png,香瓜/香瓜_05_开花.png,5,3600
香瓜,20067,1020067,40067,200,77,Crop_67,1,phase,6,成熟,plant/model/v4/Crop_67_6.png,https://jsq.gptvip.chat/images/plant/model/v4/Crop_67_6.png,香瓜/香瓜_06_成熟.png,6,0
木瓜,20038,1020038,40038,200,78,Crop_38,1,thumb,0,作物图,plant/model/v4/Crop_38_Seed.png,https://jsq.gptvip.chat/images/plant/model/v4/Crop_38_Seed.png,木瓜/木瓜_00_作物图.png,,
木瓜,20038,1020038,40038,200,78,Crop_38,1,phase,1,种子,plant/model/v4/Crop_1_1.png,https://jsq.gptvip.chat/images/plant/model/v4/Crop_1_1.png,木瓜/木瓜_01_种子.png,Seed,4800
木瓜,20038,1020038,40038,200,78,Crop_38,1,phase,2,发芽,plant/model/v4/Crop_38_2.png,https://jsq.gptvip.chat/images/plant/model/v4/Crop_38_2.png,木瓜/木瓜_02_发芽.png,2,4800
木瓜,20038,1020038,40038,200,78,Crop_38,1,phase,3,小叶子,plant/model/v4/Crop_38_3.png,https://jsq.gptvip.chat/images/plant/model/v4/Crop_38_3.png,木瓜/木瓜_03_小叶子.png,3,4800
木瓜,20038,1020038,40038,200,78,Crop_38,1,phase,4,大叶子,plant/model/v4/Crop_38_4.png,https://jsq.gptvip.chat/images/plant/model/v4/Crop_38_4.png,木瓜/木瓜_04_大叶子.png,4,7200
木瓜,20038,1020038,40038,200,78,Crop_38,1,phase,5,开花,plant/model/v4/Crop_38_5.png,https://jsq.gptvip.chat/images/plant/model/v4/Crop_38_5.png,木瓜/木瓜_05_开花.png,5,7200
木瓜,20038,1020038,40038,200,78,Crop_38,1,phase,6,成熟,plant/model/v4/Crop_38_6.png,https://jsq.gptvip.chat/images/plant/model/v4/Crop_38_6.png,木瓜/木瓜_06_成熟.png,6,0
桂圆,20053,1020053,40053,200,79,Crop_53,1,thumb,0,作物图,plant/model/v4/Crop_53_Seed.png,https://jsq.gptvip.chat/images/plant/model/v4/Crop_53_Seed.png,桂圆/桂圆_00_作物图.png,,
桂圆,20053,1020053,40053,200,79,Crop_53,1,phase,1,种子,plant/model/v4/Crop_1_1.png,https://jsq.gptvip.chat/images/plant/model/v4/Crop_1_1.png,桂圆/桂圆_01_种子.png,Seed,7200
桂圆,20053,1020053,40053,200,79,Crop_53,1,phase,2,发芽,plant/model/v4/Crop_53_2.png,https://jsq.gptvip.chat/images/plant/model/v4/Crop_53_2.png,桂圆/桂圆_02_发芽.png,2,7200
桂圆,20053,1020053,40053,200,79,Crop_53,1,phase,3,小叶子,plant/model/v4/Crop_53_3.png,https://jsq.gptvip.chat/images/plant/model/v4/Crop_53_3.png,桂圆/桂圆_03_小叶子.png,3,7200
桂圆,20053,1020053,40053,200,79,Crop_53,1,phase,4,大叶子,plant/model/v4/Crop_53_4.png,https://jsq.gptvip.chat/images/plant/model/v4/Crop_53_4.png,桂圆/桂圆_04_大叶子.png,4,10800
桂圆,20053,1020053,40053,200,79,Crop_53,1,phase,5,开花,plant/model/v4/Crop_53_5.png,https://jsq.gptvip.chat/images/plant/model/v4/Crop_53_5.png,桂圆/桂圆_05_开花.png,5,10800
桂圆,20053,1020053,40053,200,79,Crop_53,1,phase,6,成熟,plant/model/v4/Crop_53_6.png,https://jsq.gptvip.chat/images/plant/model/v4/Crop_53_6.png,桂圆/桂圆_06_成熟.png,6,0
月柿,20080,1020080,40080,200,80,Crop_80,1,thumb,0,作物图,plant/model/v4/Crop_80_Seed.png,https://jsq.gptvip.chat/images/plant/model/v4/Crop_80_Seed.png,月柿/月柿_00_作物图.png,,
月柿,20080,1020080,40080,200,80,Crop_80,1,phase,1,种子,plant/model/v4/Crop_1_1.png,https://jsq.gptvip.chat/images/plant/model/v4/Crop_1_1.png,月柿/月柿_01_种子.png,Seed,14400
月柿,20080,1020080,40080,200,80,Crop_80,1,phase,2,发芽,plant/model/v4/Crop_80_2.png,https://jsq.gptvip.chat/images/plant/model/v4/Crop_80_2.png,月柿/月柿_02_发芽.png,2,14400
月柿,20080,1020080,40080,200,80,Crop_80,1,phase,3,小叶子,plant/model/v4/Crop_80_3.png,https://jsq.gptvip.chat/images/plant/model/v4/Crop_80_3.png,月柿/月柿_03_小叶子.png,3,14400
月柿,20080,1020080,40080,200,80,Crop_80,1,phase,4,大叶子,plant/model/v4/Crop_80_4.png,https://jsq.gptvip.chat/images/plant/model/v4/Crop_80_4.png,月柿/月柿_04_大叶子.png,4,21600
月柿,20080,1020080,40080,200,80,Crop_80,1,phase,5,开花,plant/model/v4/Crop_80_5.png,https://jsq.gptvip.chat/images/plant/model/v4/Crop_80_5.png,月柿/月柿_05_开花.png,5,21600
月柿,20080,1020080,40080,200,80,Crop_80,1,phase,6,成熟,plant/model/v4/Crop_80_6.png,https://jsq.gptvip.chat/images/plant/model/v4/Crop_80_6.png,月柿/月柿_06_成熟.png,6,0
杨桃,20039,1020039,40039,200,81,Crop_39,1,thumb,0,作物图,plant/model/v4/Crop_39_Seed.png,https://jsq.gptvip.chat/images/plant/model/v4/Crop_39_Seed.png,杨桃/杨桃_00_作物图.png,,
杨桃,20039,1020039,40039,200,81,Crop_39,1,phase,1,种子,plant/model/v4/Crop_1_1.png,https://jsq.gptvip.chat/images/plant/model/v4/Crop_1_1.png,杨桃/杨桃_01_种子.png,Seed,2400
杨桃,20039,1020039,40039,200,81,Crop_39,1,phase,2,发芽,plant/model/v4/Crop_39_2.png,https://jsq.gptvip.chat/images/plant/model/v4/Crop_39_2.png,杨桃/杨桃_02_发芽.png,2,2400
杨桃,20039,1020039,40039,200,81,Crop_39,1,phase,3,小叶子,plant/model/v4/Crop_39_3.png,https://jsq.gptvip.chat/images/plant/model/v4/Crop_39_3.png,杨桃/杨桃_03_小叶子.png,3,2400
杨桃,20039,1020039,40039,200,81,Crop_39,1,phase,4,大叶子,plant/model/v4/Crop_39_4.png,https://jsq.gptvip.chat/images/plant/model/v4/Crop_39_4.png,杨桃/杨桃_04_大叶子.png,4,3600
杨桃,20039,1020039,40039,200,81,Crop_39,1,phase,5,开花,plant/model/v4/Crop_39_5.png,https://jsq.gptvip.chat/images/plant/model/v4/Crop_39_5.png,杨桃/杨桃_05_开花.png,5,3600
杨桃,20039,1020039,40039,200,81,Crop_39,1,phase,6,成熟,plant/model/v4/Crop_39_6.png,https://jsq.gptvip.chat/images/plant/model/v4/Crop_39_6.png,杨桃/杨桃_06_成熟.png,6,0
哈密瓜,20056,1020056,40056,200,82,Crop_56,1,thumb,0,作物图,plant/model/v4/Crop_56_Seed.png,https://jsq.gptvip.chat/images/plant/model/v4/Crop_56_Seed.png,哈密瓜/哈密瓜_00_作物图.png,,
哈密瓜,20056,1020056,40056,200,82,Crop_56,1,phase,1,种子,plant/model/v4/Crop_1_1.png,https://jsq.gptvip.chat/images/plant/model/v4/Crop_1_1.png,哈密瓜/哈密瓜_01_种子.png,Seed,4800
哈密瓜,20056,1020056,40056,200,82,Crop_56,1,phase,2,发芽,plant/model/v4/Crop_56_2.png,https://jsq.gptvip.chat/images/plant/model/v4/Crop_56_2.png,哈密瓜/哈密瓜_02_发芽.png,2,4800
哈密瓜,20056,1020056,40056,200,82,Crop_56,1,phase,3,小叶子,plant/model/v4/Crop_56_3.png,https://jsq.gptvip.chat/images/plant/model/v4/Crop_56_3.png,哈密瓜/哈密瓜_03_小叶子.png,3,4800
哈密瓜,20056,1020056,40056,200,82,Crop_56,1,phase,4,大叶子,plant/model/v4/Crop_56_4.png,https://jsq.gptvip.chat/images/plant/model/v4/Crop_56_4.png,哈密瓜/哈密瓜_04_大叶子.png,4,7200
哈密瓜,20056,1020056,40056,200,82,Crop_56,1,phase,5,开花,plant/model/v4/Crop_56_5.png,https://jsq.gptvip.chat/images/plant/model/v4/Crop_56_5.png,哈密瓜/哈密瓜_05_开花.png,5,7200
哈密瓜,20056,1020056,40056,200,82,Crop_56,1,phase,6,成熟,plant/model/v4/Crop_56_6.png,https://jsq.gptvip.chat/images/plant/model/v4/Crop_56_6.png,哈密瓜/哈密瓜_06_成熟.png,6,0
桑葚,20075,1020075,40075,200,83,Crop_75,1,thumb,0,作物图,plant/model/v4/Crop_75_Seed.png,https://jsq.gptvip.chat/images/plant/model/v4/Crop_75_Seed.png,桑葚/桑葚_00_作物图.png,,
桑葚,20075,1020075,40075,200,83,Crop_75,1,phase,1,种子,plant/model/v4/Crop_1_1.png,https://jsq.gptvip.chat/images/plant/model/v4/Crop_1_1.png,桑葚/桑葚_01_种子.png,Seed,7200
桑葚,20075,1020075,40075,200,83,Crop_75,1,phase,2,发芽,plant/model/v4/Crop_75_2.png,https://jsq.gptvip.chat/images/plant/model/v4/Crop_75_2.png,桑葚/桑葚_02_发芽.png,2,7200
桑葚,20075,1020075,40075,200,83,Crop_75,1,phase,3,小叶子,plant/model/v4/Crop_75_3.png,https://jsq.gptvip.chat/images/plant/model/v4/Crop_75_3.png,桑葚/桑葚_03_小叶子.png,3,7200
桑葚,20075,1020075,40075,200,83,Crop_75,1,phase,4,大叶子,plant/model/v4/Crop_75_4.png,https://jsq.gptvip.chat/images/plant/model/v4/Crop_75_4.png,桑葚/桑葚_04_大叶子.png,4,10800
桑葚,20075,1020075,40075,200,83,Crop_75,1,phase,5,开花,plant/model/v4/Crop_75_5.png,https://jsq.gptvip.chat/images/plant/model/v4/Crop_75_5.png,桑葚/桑葚_05_开花.png,5,10800
桑葚,20075,1020075,40075,200,83,Crop_75,1,phase,6,成熟,plant/model/v4/Crop_75_6.png,https://jsq.gptvip.chat/images/plant/model/v4/Crop_75_6.png,桑葚/桑葚_06_成熟.png,6,0
柠檬,20042,1020042,40042,200,84,Crop_42,1,thumb,0,作物图,plant/model/v4/Crop_42_Seed.png,https://jsq.gptvip.chat/images/plant/model/v4/Crop_42_Seed.png,柠檬/柠檬_00_作物图.png,,
柠檬,20042,1020042,40042,200,84,Crop_42,1,phase,1,种子,plant/model/v4/Crop_1_1.png,https://jsq.gptvip.chat/images/plant/model/v4/Crop_1_1.png,柠檬/柠檬_01_种子.png,Seed,14400
柠檬,20042,1020042,40042,200,84,Crop_42,1,phase,2,发芽,plant/model/v4/Crop_42_2.png,https://jsq.gptvip.chat/images/plant/model/v4/Crop_42_2.png,柠檬/柠檬_02_发芽.png,2,14400
柠檬,20042,1020042,40042,200,84,Crop_42,1,phase,3,小叶子,plant/model/v4/Crop_42_3.png,https://jsq.gptvip.chat/images/plant/model/v4/Crop_42_3.png,柠檬/柠檬_03_小叶子.png,3,14400
柠檬,20042,1020042,40042,200,84,Crop_42,1,phase,4,大叶子,plant/model/v4/Crop_42_4.png,https://jsq.gptvip.chat/images/plant/model/v4/Crop_42_4.png,柠檬/柠檬_04_大叶子.png,4,21600
柠檬,20042,1020042,40042,200,84,Crop_42,1,phase,5,初熟,plant/model/v4/Crop_42_5.png,https://jsq.gptvip.chat/images/plant/model/v4/Crop_42_5.png,柠檬/柠檬_05_初熟.png,5,21600
柠檬,20042,1020042,40042,200,84,Crop_42,1,phase,6,成熟,plant/model/v4/Crop_42_6.png,https://jsq.gptvip.chat/images/plant/model/v4/Crop_42_6.png,柠檬/柠檬_06_成熟.png,6,0
芒果,20057,1020057,40057,200,85,Crop_57,1,thumb,0,作物图,plant/model/v4/Crop_57_Seed.png,https://jsq.gptvip.chat/images/plant/model/v4/Crop_57_Seed.png,芒果/芒果_00_作物图.png,,
芒果,20057,1020057,40057,200,85,Crop_57,1,phase,1,种子,plant/model/v4/Crop_1_1.png,https://jsq.gptvip.chat/images/plant/model/v4/Crop_1_1.png,芒果/芒果_01_种子.png,Seed,2400
芒果,20057,1020057,40057,200,85,Crop_57,1,phase,2,发芽,plant/model/v4/Crop_57_2.png,https://jsq.gptvip.chat/images/plant/model/v4/Crop_57_2.png,芒果/芒果_02_发芽.png,2,2400
芒果,20057,1020057,40057,200,85,Crop_57,1,phase,3,小叶子,plant/model/v4/Crop_57_3.png,https://jsq.gptvip.chat/images/plant/model/v4/Crop_57_3.png,芒果/芒果_03_小叶子.png,3,2400
芒果,20057,1020057,40057,200,85,Crop_57,1,phase,4,大叶子,plant/model/v4/Crop_57_4.png,https://jsq.gptvip.chat/images/plant/model/v4/Crop_57_4.png,芒果/芒果_04_大叶子.png,4,3600
芒果,20057,1020057,40057,200,85,Crop_57,1,phase,5,初熟,plant/model/v4/Crop_57_5.png,https://jsq.gptvip.chat/images/plant/model/v4/Crop_57_5.png,芒果/芒果_05_初熟.png,5,3600
芒果,20057,1020057,40057,200,85,Crop_57,1,phase,6,成熟,plant/model/v4/Crop_57_6.png,https://jsq.gptvip.chat/images/plant/model/v4/Crop_57_6.png,芒果/芒果_06_成熟.png,6,0
杨梅,20048,1020048,40048,200,86,Crop_48,1,thumb,0,作物图,plant/model/v4/Crop_48_Seed.png,https://jsq.gptvip.chat/images/plant/model/v4/Crop_48_Seed.png,杨梅/杨梅_00_作物图.png,,
杨梅,20048,1020048,40048,200,86,Crop_48,1,phase,1,种子,plant/model/v4/Crop_1_1.png,https://jsq.gptvip.chat/images/plant/model/v4/Crop_1_1.png,杨梅/杨梅_01_种子.png,Seed,4800
杨梅,20048,1020048,40048,200,86,Crop_48,1,phase,2,发芽,plant/model/v4/Crop_48_2.png,https://jsq.gptvip.chat/images/plant/model/v4/Crop_48_2.png,杨梅/杨梅_02_发芽.png,2,4800
杨梅,20048,1020048,40048,200,86,Crop_48,1,phase,3,小叶子,plant/model/v4/Crop_48_3.png,https://jsq.gptvip.chat/images/plant/model/v4/Crop_48_3.png,杨梅/杨梅_03_小叶子.png,3,4800
杨梅,20048,1020048,40048,200,86,Crop_48,1,phase,4,大叶子,plant/model/v4/Crop_48_4.png,https://jsq.gptvip.chat/images/plant/model/v4/Crop_48_4.png,杨梅/杨梅_04_大叶子.png,4,7200
杨梅,20048,1020048,40048,200,86,Crop_48,1,phase,5,开花,plant/model/v4/Crop_48_5.png,https://jsq.gptvip.chat/images/plant/model/v4/Crop_48_5.png,杨梅/杨梅_05_开花.png,5,7200
杨梅,20048,1020048,40048,200,86,Crop_48,1,phase,6,成熟,plant/model/v4/Crop_48_6.png,https://jsq.gptvip.chat/images/plant/model/v4/Crop_48_6.png,杨梅/杨梅_06_成熟.png,6,0
榴莲,20058,1020058,40058,200,87,Crop_58,1,thumb,0,作物图,plant/model/v4/Crop_58_Seed.png,https://jsq.gptvip.chat/images/plant/model/v4/Crop_58_Seed.png,榴莲/榴莲_00_作物图.png,,
榴莲,20058,1020058,40058,200,87,Crop_58,1,phase,1,种子,plant/model/v4/Crop_1_1.png,https://jsq.gptvip.chat/images/plant/model/v4/Crop_1_1.png,榴莲/榴莲_01_种子.png,Seed,7200
榴莲,20058,1020058,40058,200,87,Crop_58,1,phase,2,发芽,plant/model/v4/Crop_58_2.png,https://jsq.gptvip.chat/images/plant/model/v4/Crop_58_2.png,榴莲/榴莲_02_发芽.png,2,7200
榴莲,20058,1020058,40058,200,87,Crop_58,1,phase,3,小叶子,plant/model/v4/Crop_58_3.png,https://jsq.gptvip.chat/images/plant/model/v4/Crop_58_3.png,榴莲/榴莲_03_小叶子.png,3,7200
榴莲,20058,1020058,40058,200,87,Crop_58,1,phase,4,大叶子,plant/model/v4/Crop_58_4.png,https://jsq.gptvip.chat/images/plant/model/v4/Crop_58_4.png,榴莲/榴莲_04_大叶子.png,4,10800
榴莲,20058,1020058,40058,200,87,Crop_58,1,phase,5,开花,plant/model/v4/Crop_58_5.png,https://jsq.gptvip.chat/images/plant/model/v4/Crop_58_5.png,榴莲/榴莲_05_开花.png,5,10800
榴莲,20058,1020058,40058,200,87,Crop_58,1,phase,6,成熟,plant/model/v4/Crop_58_6.png,https://jsq.gptvip.chat/images/plant/model/v4/Crop_58_6.png,榴莲/榴莲_06_成熟.png,6,0
番石榴,20079,1020079,40079,200,88,Crop_79,1,thumb,0,作物图,plant/model/v4/Crop_79_Seed.png,https://jsq.gptvip.chat/images/plant/model/v4/Crop_79_Seed.png,番石榴/番石榴_00_作物图.png,,
番石榴,20079,1020079,40079,200,88,Crop_79,1,phase,1,种子,plant/model/v4/Crop_1_1.png,https://jsq.gptvip.chat/images/plant/model/v4/Crop_1_1.png,番石榴/番石榴_01_种子.png,Seed,14400
番石榴,20079,1020079,40079,200,88,Crop_79,1,phase,2,发芽,plant/model/v4/Crop_79_2.png,https://jsq.gptvip.chat/images/plant/model/v4/Crop_79_2.png,番石榴/番石榴_02_发芽.png,2,14400
番石榴,20079,1020079,40079,200,88,Crop_79,1,phase,3,小叶子,plant/model/v4/Crop_79_3.png,https://jsq.gptvip.chat/images/plant/model/v4/Crop_79_3.png,番石榴/番石榴_03_小叶子.png,3,14400
番石榴,20079,1020079,40079,200,88,Crop_79,1,phase,4,大叶子,plant/model/v4/Crop_79_4.png,https://jsq.gptvip.chat/images/plant/model/v4/Crop_79_4.png,番石榴/番石榴_04_大叶子.png,4,21600
番石榴,20079,1020079,40079,200,88,Crop_79,1,phase,5,开花,plant/model/v4/Crop_79_5.png,https://jsq.gptvip.chat/images/plant/model/v4/Crop_79_5.png,番石榴/番石榴_05_开花.png,5,21600
番石榴,20079,1020079,40079,200,88,Crop_79,1,phase,6,成熟,plant/model/v4/Crop_79_6.png,https://jsq.gptvip.chat/images/plant/model/v4/Crop_79_6.png,番石榴/番石榴_06_成熟.png,6,0
瓶子树,20218,1020218,40218,200,89,Crop_218,1,thumb,0,作物图,plant/model/v4/Crop_218_Seed.png,https://jsq.gptvip.chat/images/plant/model/v4/Crop_218_Seed.png,瓶子树/瓶子树_00_作物图.png,,
瓶子树,20218,1020218,40218,200,89,Crop_218,1,phase,1,种子,plant/model/v4/Crop_1_1.png,https://jsq.gptvip.chat/images/plant/model/v4/Crop_1_1.png,瓶子树/瓶子树_01_种子.png,Seed,2400
瓶子树,20218,1020218,40218,200,89,Crop_218,1,phase,2,长枝,plant/model/v4/Crop_218_2.png,https://jsq.gptvip.chat/images/plant/model/v4/Crop_218_2.png,瓶子树/瓶子树_02_长枝.png,2,2400
瓶子树,20218,1020218,40218,200,89,Crop_218,1,phase,3,小叶子,plant/model/v4/Crop_218_3.png,https://jsq.gptvip.chat/images/plant/model/v4/Crop_218_3.png,瓶子树/瓶子树_03_小叶子.png,3,2400
瓶子树,20218,1020218,40218,200,89,Crop_218,1,phase,4,大叶子,plant/model/v4/Crop_218_4.png,https://jsq.gptvip.chat/images/plant/model/v4/Crop_218_4.png,瓶子树/瓶子树_04_大叶子.png,4,3600
瓶子树,20218,1020218,40218,200,89,Crop_218,1,phase,5,初熟,plant/model/v4/Crop_218_5.png,https://jsq.gptvip.chat/images/plant/model/v4/Crop_218_5.png,瓶子树/瓶子树_05_初熟.png,5,3600
瓶子树,20218,1020218,40218,200,89,Crop_218,1,phase,6,成树,plant/model/v4/Crop_218_6.png,https://jsq.gptvip.chat/images/plant/model/v4/Crop_218_6.png,瓶子树/瓶子树_06_成树.png,6,0
蓝莓,20077,1020077,40077,200,90,Crop_77,1,thumb,0,作物图,plant/model/v4/Crop_77_Seed.png,https://jsq.gptvip.chat/images/plant/model/v4/Crop_77_Seed.png,蓝莓/蓝莓_00_作物图.png,,
蓝莓,20077,1020077,40077,200,90,Crop_77,1,phase,1,种子,plant/model/v4/Crop_1_1.png,https://jsq.gptvip.chat/images/plant/model/v4/Crop_1_1.png,蓝莓/蓝莓_01_种子.png,Seed,4800
蓝莓,20077,1020077,40077,200,90,Crop_77,1,phase,2,发芽,plant/model/v4/Crop_77_2.png,https://jsq.gptvip.chat/images/plant/model/v4/Crop_77_2.png,蓝莓/蓝莓_02_发芽.png,2,4800
蓝莓,20077,1020077,40077,200,90,Crop_77,1,phase,3,小叶子,plant/model/v4/Crop_77_3.png,https://jsq.gptvip.chat/images/plant/model/v4/Crop_77_3.png,蓝莓/蓝莓_03_小叶子.png,3,4800
蓝莓,20077,1020077,40077,200,90,Crop_77,1,phase,4,大叶子,plant/model/v4/Crop_77_4.png,https://jsq.gptvip.chat/images/plant/model/v4/Crop_77_4.png,蓝莓/蓝莓_04_大叶子.png,4,7200
蓝莓,20077,1020077,40077,200,90,Crop_77,1,phase,5,初熟,plant/model/v4/Crop_77_5.png,https://jsq.gptvip.chat/images/plant/model/v4/Crop_77_5.png,蓝莓/蓝莓_05_初熟.png,5,7200
蓝莓,20077,1020077,40077,200,90,Crop_77,1,phase,6,成熟,plant/model/v4/Crop_77_6.png,https://jsq.gptvip.chat/images/plant/model/v4/Crop_77_6.png,蓝莓/蓝莓_06_成熟.png,6,0
猪笼草,20220,1020220,40220,200,91,Crop_220,1,thumb,0,作物图,plant/model/v4/Crop_220_Seed.png,https://jsq.gptvip.chat/images/plant/model/v4/Crop_220_Seed.png,猪笼草/猪笼草_00_作物图.png,,
猪笼草,20220,1020220,40220,200,91,Crop_220,1,phase,1,种子,plant/model/v4/Crop_1_1.png,https://jsq.gptvip.chat/images/plant/model/v4/Crop_1_1.png,猪笼草/猪笼草_01_种子.png,Seed,7200
猪笼草,20220,1020220,40220,200,91,Crop_220,1,phase,2,发芽,plant/model/v4/Crop_220_2.png,https://jsq.gptvip.chat/images/plant/model/v4/Crop_220_2.png,猪笼草/猪笼草_02_发芽.png,2,7200
猪笼草,20220,1020220,40220,200,91,Crop_220,1,phase,3,小叶子,plant/model/v4/Crop_220_3.png,https://jsq.gptvip.chat/images/plant/model/v4/Crop_220_3.png,猪笼草/猪笼草_03_小叶子.png,3,7200
猪笼草,20220,1020220,40220,200,91,Crop_220,1,phase,4,大叶子,plant/model/v4/Crop_220_4.png,https://jsq.gptvip.chat/images/plant/model/v4/Crop_220_4.png,猪笼草/猪笼草_04_大叶子.png,4,10800
猪笼草,20220,1020220,40220,200,91,Crop_220,1,phase,5,初熟,plant/model/v4/Crop_220_5.png,https://jsq.gptvip.chat/images/plant/model/v4/Crop_220_5.png,猪笼草/猪笼草_05_初熟.png,5,10800
猪笼草,20220,1020220,40220,200,91,Crop_220,1,phase,6,成熟,plant/model/v4/Crop_220_6.png,https://jsq.gptvip.chat/images/plant/model/v4/Crop_220_6.png,猪笼草/猪笼草_06_成熟.png,6,0
山竹,20076,1020076,40076,200,92,Crop_76,1,thumb,0,作物图,plant/model/v4/Crop_76_Seed.png,https://jsq.gptvip.chat/images/plant/model/v4/Crop_76_Seed.png,山竹/山竹_00_作物图.png,,
山竹,20076,1020076,40076,200,92,Crop_76,1,phase,1,种子,plant/model/v4/Crop_1_1.png,https://jsq.gptvip.chat/images/plant/model/v4/Crop_1_1.png,山竹/山竹_01_种子.png,Seed,14400
山竹,20076,1020076,40076,200,92,Crop_76,1,phase,2,发芽,plant/model/v4/Crop_76_2.png,https://jsq.gptvip.chat/images/plant/model/v4/Crop_76_2.png,山竹/山竹_02_发芽.png,2,14400
山竹,20076,1020076,40076,200,92,Crop_76,1,phase,3,小叶子,plant/model/v4/Crop_76_3.png,https://jsq.gptvip.chat/images/plant/model/v4/Crop_76_3.png,山竹/山竹_03_小叶子.png,3,14400
山竹,20076,1020076,40076,200,92,Crop_76,1,phase,4,大叶子,plant/model/v4/Crop_76_4.png,https://jsq.gptvip.chat/images/plant/model/v4/Crop_76_4.png,山竹/山竹_04_大叶子.png,4,21600
山竹,20076,1020076,40076,200,92,Crop_76,1,phase,5,开花,plant/model/v4/Crop_76_5.png,https://jsq.gptvip.chat/images/plant/model/v4/Crop_76_5.png,山竹/山竹_05_开花.png,5,21600
山竹,20076,1020076,40076,200,92,Crop_76,1,phase,6,成熟,plant/model/v4/Crop_76_6.png,https://jsq.gptvip.chat/images/plant/model/v4/Crop_76_6.png,山竹/山竹_06_成熟.png,6,0
曼陀罗华,20116,1020116,40116,200,93,Crop_116,1,thumb,0,作物图,plant/model/v4/Crop_116_Seed.png,https://jsq.gptvip.chat/images/plant/model/v4/Crop_116_Seed.png,曼陀罗华/曼陀罗华_00_作物图.png,,
曼陀罗华,20116,1020116,40116,200,93,Crop_116,1,phase,1,种子,plant/model/v4/Crop_1_1.png,https://jsq.gptvip.chat/images/plant/model/v4/Crop_1_1.png,曼陀罗华/曼陀罗华_01_种子.png,Seed,2400
曼陀罗华,20116,1020116,40116,200,93,Crop_116,1,phase,2,发芽,plant/model/v4/Crop_116_2.png,https://jsq.gptvip.chat/images/plant/model/v4/Crop_116_2.png,曼陀罗华/曼陀罗华_02_发芽.png,2,2400
曼陀罗华,20116,1020116,40116,200,93,Crop_116,1,phase,3,小叶子,plant/model/v4/Crop_116_3.png,https://jsq.gptvip.chat/images/plant/model/v4/Crop_116_3.png,曼陀罗华/曼陀罗华_03_小叶子.png,3,2400
曼陀罗华,20116,1020116,40116,200,93,Crop_116,1,phase,4,大叶子,plant/model/v4/Crop_116_4.png,https://jsq.gptvip.chat/images/plant/model/v4/Crop_116_4.png,曼陀罗华/曼陀罗华_04_大叶子.png,4,3600
曼陀罗华,20116,1020116,40116,200,93,Crop_116,1,phase,5,花蕾,plant/model/v4/Crop_116_5.png,https://jsq.gptvip.chat/images/plant/model/v4/Crop_116_5.png,曼陀罗华/曼陀罗华_05_花蕾.png,5,3600
曼陀罗华,20116,1020116,40116,200,93,Crop_116,1,phase,6,盛开,plant/model/v4/Crop_116_6.png,https://jsq.gptvip.chat/images/plant/model/v4/Crop_116_6.png,曼陀罗华/曼陀罗华_06_盛开.png,6,0
曼珠沙华,20126,1020126,40126,200,94,Crop_126,1,thumb,0,作物图,plant/model/v4/Crop_126_Seed.png,https://jsq.gptvip.chat/images/plant/model/v4/Crop_126_Seed.png,曼珠沙华/曼珠沙华_00_作物图.png,,
曼珠沙华,20126,1020126,40126,200,94,Crop_126,1,phase,1,种子,plant/model/v4/Crop_1_1.png,https://jsq.gptvip.chat/images/plant/model/v4/Crop_1_1.png,曼珠沙华/曼珠沙华_01_种子.png,Seed,4800
曼珠沙华,20126,1020126,40126,200,94,Crop_126,1,phase,2,发芽,plant/model/v4/Crop_126_2.png,https://jsq.gptvip.chat/images/plant/model/v4/Crop_126_2.png,曼珠沙华/曼珠沙华_02_发芽.png,2,4800
曼珠沙华,20126,1020126,40126,200,94,Crop_126,1,phase,3,小叶子,plant/model/v4/Crop_126_3.png,https://jsq.gptvip.chat/images/plant/model/v4/Crop_126_3.png,曼珠沙华/曼珠沙华_03_小叶子.png,3,4800
曼珠沙华,20126,1020126,40126,200,94,Crop_126,1,phase,4,大叶子,plant/model/v4/Crop_126_4.png,https://jsq.gptvip.chat/images/plant/model/v4/Crop_126_4.png,曼珠沙华/曼珠沙华_04_大叶子.png,4,7200
曼珠沙华,20126,1020126,40126,200,94,Crop_126,1,phase,5,初熟,plant/model/v4/Crop_126_5.png,https://jsq.gptvip.chat/images/plant/model/v4/Crop_126_5.png,曼珠沙华/曼珠沙华_05_初熟.png,5,7200
曼珠沙华,20126,1020126,40126,200,94,Crop_126,1,phase,6,成熟,plant/model/v4/Crop_126_6.png,https://jsq.gptvip.chat/images/plant/model/v4/Crop_126_6.png,曼珠沙华/曼珠沙华_06_成熟.png,6,0
苦瓜,20063,1020063,40063,200,95,Crop_63,1,thumb,0,作物图,plant/model/v4/Crop_63_Seed.png,https://jsq.gptvip.chat/images/plant/model/v4/Crop_63_Seed.png,苦瓜/苦瓜_00_作物图.png,,
苦瓜,20063,1020063,40063,200,95,Crop_63,1,phase,1,种子,plant/model/v4/Crop_1_1.png,https://jsq.gptvip.chat/images/plant/model/v4/Crop_1_1.png,苦瓜/苦瓜_01_种子.png,Seed,7200
苦瓜,20063,1020063,40063,200,95,Crop_63,1,phase,2,发芽,plant/model/v4/Crop_63_2.png,https://jsq.gptvip.chat/images/plant/model/v4/Crop_63_2.png,苦瓜/苦瓜_02_发芽.png,2,7200
苦瓜,20063,1020063,40063,200,95,Crop_63,1,phase,3,小叶子,plant/model/v4/Crop_63_3.png,https://jsq.gptvip.chat/images/plant/model/v4/Crop_63_3.png,苦瓜/苦瓜_03_小叶子.png,3,7200
苦瓜,20063,1020063,40063,200,95,Crop_63,1,phase,4,大叶子,plant/model/v4/Crop_63_4.png,https://jsq.gptvip.chat/images/plant/model/v4/Crop_63_4.png,苦瓜/苦瓜_04_大叶子.png,4,10800
苦瓜,20063,1020063,40063,200,95,Crop_63,1,phase,5,开花,plant/model/v4/Crop_63_5.png,https://jsq.gptvip.chat/images/plant/model/v4/Crop_63_5.png,苦瓜/苦瓜_05_开花.png,5,10800
苦瓜,20063,1020063,40063,200,95,Crop_63,1,phase,6,成熟,plant/model/v4/Crop_63_6.png,https://jsq.gptvip.chat/images/plant/model/v4/Crop_63_6.png,苦瓜/苦瓜_06_成熟.png,6,0
天堂鸟,20221,1020221,40221,200,96,Crop_221,1,thumb,0,作物图,plant/model/v4/Crop_221_Seed.png,https://jsq.gptvip.chat/images/plant/model/v4/Crop_221_Seed.png,天堂鸟/天堂鸟_00_作物图.png,,
天堂鸟,20221,1020221,40221,200,96,Crop_221,1,phase,1,种子,plant/model/v4/Crop_1_1.png,https://jsq.gptvip.chat/images/plant/model/v4/Crop_1_1.png,天堂鸟/天堂鸟_01_种子.png,Seed,14400
天堂鸟,20221,1020221,40221,200,96,Crop_221,1,phase,2,发芽,plant/model/v4/Crop_221_2.png,https://jsq.gptvip.chat/images/plant/model/v4/Crop_221_2.png,天堂鸟/天堂鸟_02_发芽.png,2,14400
天堂鸟,20221,1020221,40221,200,96,Crop_221,1,phase,3,小叶子,plant/model/v4/Crop_221_3.png,https://jsq.gptvip.chat/images/plant/model/v4/Crop_221_3.png,天堂鸟/天堂鸟_03_小叶子.png,3,14400
天堂鸟,20221,1020221,40221,200,96,Crop_221,1,phase,4,大叶子,plant/model/v4/Crop_221_4.png,https://jsq.gptvip.chat/images/plant/model/v4/Crop_221_4.png,天堂鸟/天堂鸟_04_大叶子.png,4,21600
天堂鸟,20221,1020221,40221,200,96,Crop_221,1,phase,5,花蕾,plant/model/v4/Crop_221_5.png,https://jsq.gptvip.chat/images/plant/model/v4/Crop_221_5.png,天堂鸟/天堂鸟_05_花蕾.png,5,21600
天堂鸟,20221,1020221,40221,200,96,Crop_221,1,phase,6,盛开,plant/model/v4/Crop_221_6.png,https://jsq.gptvip.chat/images/plant/model/v4/Crop_221_6.png,天堂鸟/天堂鸟_06_盛开.png,6,0
冬瓜,20068,1020068,40068,200,97,Crop_68,1,thumb,0,作物图,plant/model/v4/Crop_68_Seed.png,https://jsq.gptvip.chat/images/plant/model/v4/Crop_68_Seed.png,冬瓜/冬瓜_00_作物图.png,,
冬瓜,20068,1020068,40068,200,97,Crop_68,1,phase,1,种子,plant/model/v4/Crop_1_1.png,https://jsq.gptvip.chat/images/plant/model/v4/Crop_1_1.png,冬瓜/冬瓜_01_种子.png,Seed,2400
冬瓜,20068,1020068,40068,200,97,Crop_68,1,phase,2,发芽,plant/model/v4/Crop_68_2.png,https://jsq.gptvip.chat/images/plant/model/v4/Crop_68_2.png,冬瓜/冬瓜_02_发芽.png,2,2400
冬瓜,20068,1020068,40068,200,97,Crop_68,1,phase,3,小叶子,plant/model/v4/Crop_68_3.png,https://jsq.gptvip.chat/images/plant/model/v4/Crop_68_3.png,冬瓜/冬瓜_03_小叶子.png,3,2400
冬瓜,20068,1020068,40068,200,97,Crop_68,1,phase,4,大叶子,plant/model/v4/Crop_68_4.png,https://jsq.gptvip.chat/images/plant/model/v4/Crop_68_4.png,冬瓜/冬瓜_04_大叶子.png,4,3600
冬瓜,20068,1020068,40068,200,97,Crop_68,1,phase,5,开花,plant/model/v4/Crop_68_5.png,https://jsq.gptvip.chat/images/plant/model/v4/Crop_68_5.png,冬瓜/冬瓜_05_开花.png,5,3600
冬瓜,20068,1020068,40068,200,97,Crop_68,1,phase,6,成熟,plant/model/v4/Crop_68_6.png,https://jsq.gptvip.chat/images/plant/model/v4/Crop_68_6.png,冬瓜/冬瓜_06_成熟.png,6,0
豹皮花,20222,1020222,40222,200,98,Crop_222,1,thumb,0,作物图,plant/model/v4/Crop_222_Seed.png,https://jsq.gptvip.chat/images/plant/model/v4/Crop_222_Seed.png,豹皮花/豹皮花_00_作物图.png,,
豹皮花,20222,1020222,40222,200,98,Crop_222,1,phase,1,种子,plant/model/v4/Crop_1_1.png,https://jsq.gptvip.chat/images/plant/model/v4/Crop_1_1.png,豹皮花/豹皮花_01_种子.png,Seed,4800
豹皮花,20222,1020222,40222,200,98,Crop_222,1,phase,2,发芽,plant/model/v4/Crop_222_2.png,https://jsq.gptvip.chat/images/plant/model/v4/Crop_222_2.png,豹皮花/豹皮花_02_发芽.png,2,4800
豹皮花,20222,1020222,40222,200,98,Crop_222,1,phase,3,小叶子,plant/model/v4/Crop_222_3.png,https://jsq.gptvip.chat/images/plant/model/v4/Crop_222_3.png,豹皮花/豹皮花_03_小叶子.png,3,4800
豹皮花,20222,1020222,40222,200,98,Crop_222,1,phase,4,大叶子,plant/model/v4/Crop_222_4.png,https://jsq.gptvip.chat/images/plant/model/v4/Crop_222_4.png,豹皮花/豹皮花_04_大叶子.png,4,7200
豹皮花,20222,1020222,40222,200,98,Crop_222,1,phase,5,花蕾,plant/model/v4/Crop_222_5.png,https://jsq.gptvip.chat/images/plant/model/v4/Crop_222_5.png,豹皮花/豹皮花_05_花蕾.png,5,7200
豹皮花,20222,1020222,40222,200,98,Crop_222,1,phase,6,盛开,plant/model/v4/Crop_222_6.png,https://jsq.gptvip.chat/images/plant/model/v4/Crop_222_6.png,豹皮花/豹皮花_06_盛开.png,6,0
杏子,20078,1020078,40078,200,99,Crop_78,1,thumb,0,作物图,plant/model/v4/Crop_78_Seed.png,https://jsq.gptvip.chat/images/plant/model/v4/Crop_78_Seed.png,杏子/杏子_00_作物图.png,,
杏子,20078,1020078,40078,200,99,Crop_78,1,phase,1,种子,plant/model/v4/Crop_1_1.png,https://jsq.gptvip.chat/images/plant/model/v4/Crop_1_1.png,杏子/杏子_01_种子.png,Seed,7200
杏子,20078,1020078,40078,200,99,Crop_78,1,phase,2,发芽,plant/model/v4/Crop_78_2.png,https://jsq.gptvip.chat/images/plant/model/v4/Crop_78_2.png,杏子/杏子_02_发芽.png,2,7200
杏子,20078,1020078,40078,200,99,Crop_78,1,phase,3,小叶子,plant/model/v4/Crop_78_3.png,https://jsq.gptvip.chat/images/plant/model/v4/Crop_78_3.png,杏子/杏子_03_小叶子.png,3,7200
杏子,20078,1020078,40078,200,99,Crop_78,1,phase,4,大叶子,plant/model/v4/Crop_78_4.png,https://jsq.gptvip.chat/images/plant/model/v4/Crop_78_4.png,杏子/杏子_04_大叶子.png,4,10800
杏子,20078,1020078,40078,200,99,Crop_78,1,phase,5,初熟,plant/model/v4/Crop_78_5.png,https://jsq.gptvip.chat/images/plant/model/v4/Crop_78_5.png,杏子/杏子_05_初熟.png,5,10800
杏子,20078,1020078,40078,200,99,Crop_78,1,phase,6,成熟,plant/model/v4/Crop_78_6.png,https://jsq.gptvip.chat/images/plant/model/v4/Crop_78_6.png,杏子/杏子_06_成熟.png,6,0
金桔,20074,1020074,40074,200,100,Crop_74,1,thumb,0,作物图,plant/model/v4/Crop_74_Seed.png,https://jsq.gptvip.chat/images/plant/model/v4/Crop_74_Seed.png,金桔/金桔_00_作物图.png,,
金桔,20074,1020074,40074,200,100,Crop_74,1,phase,1,种子,plant/model/v4/Crop_1_1.png,https://jsq.gptvip.chat/images/plant/model/v4/Crop_1_1.png,金桔/金桔_01_种子.png,Seed,14400
金桔,20074,1020074,40074,200,100,Crop_74,1,phase,2,发芽,plant/model/v4/Crop_74_2.png,https://jsq.gptvip.chat/images/plant/model/v4/Crop_74_2.png,金桔/金桔_02_发芽.png,2,14400
金桔,20074,1020074,40074,200,100,Crop_74,1,phase,3,小叶子,plant/model/v4/Crop_74_3.png,https://jsq.gptvip.chat/images/plant/model/v4/Crop_74_3.png,金桔/金桔_03_小叶子.png,3,14400
金桔,20074,1020074,40074,200,100,Crop_74,1,phase,4,大叶子,plant/model/v4/Crop_74_4.png,https://jsq.gptvip.chat/images/plant/model/v4/Crop_74_4.png,金桔/金桔_04_大叶子.png,4,21600
金桔,20074,1020074,40074,200,100,Crop_74,1,phase,5,初熟,plant/model/v4/Crop_74_5.png,https://jsq.gptvip.chat/images/plant/model/v4/Crop_74_5.png,金桔/金桔_05_初熟.png,5,21600
金桔,20074,1020074,40074,200,100,Crop_74,1,phase,6,成熟,plant/model/v4/Crop_74_6.png,https://jsq.gptvip.chat/images/plant/model/v4/Crop_74_6.png,金桔/金桔_06_成熟.png,6,0
红毛丹,20083,1020083,40083,200,102,Crop_83,1,thumb,0,作物图,plant/model/v4/Crop_83_Seed.png,https://jsq.gptvip.chat/images/plant/model/v4/Crop_83_Seed.png,红毛丹/红毛丹_00_作物图.png,,
红毛丹,20083,1020083,40083,200,102,Crop_83,1,phase,1,种子,plant/model/v4/Crop_1_1.png,https://jsq.gptvip.chat/images/plant/model/v4/Crop_1_1.png,红毛丹/红毛丹_01_种子.png,Seed,2400
红毛丹,20083,1020083,40083,200,102,Crop_83,1,phase,2,发芽,plant/model/v4/Crop_83_2.png,https://jsq.gptvip.chat/images/plant/model/v4/Crop_83_2.png,红毛丹/红毛丹_02_发芽.png,2,2400
红毛丹,20083,1020083,40083,200,102,Crop_83,1,phase,3,小叶子,plant/model/v4/Crop_83_3.png,https://jsq.gptvip.chat/images/plant/model/v4/Crop_83_3.png,红毛丹/红毛丹_03_小叶子.png,3,2400
红毛丹,20083,1020083,40083,200,102,Crop_83,1,phase,4,大叶子,plant/model/v4/Crop_83_4.png,https://jsq.gptvip.chat/images/plant/model/v4/Crop_83_4.png,红毛丹/红毛丹_04_大叶子.png,4,3600
红毛丹,20083,1020083,40083,200,102,Crop_83,1,phase,5,初熟,plant/model/v4/Crop_83_5.png,https://jsq.gptvip.chat/images/plant/model/v4/Crop_83_5.png,红毛丹/红毛丹_05_初熟.png,5,3600
红毛丹,20083,1020083,40083,200,102,Crop_83,1,phase,6,成熟,plant/model/v4/Crop_83_6.png,https://jsq.gptvip.chat/images/plant/model/v4/Crop_83_6.png,红毛丹/红毛丹_06_成熟.png,6,0
莴笋,20069,1020069,40069,200,104,Crop_69,1,thumb,0,作物图,plant/model/v4/Crop_69_Seed.png,https://jsq.gptvip.chat/images/plant/model/v4/Crop_69_Seed.png,莴笋/莴笋_00_作物图.png,,
莴笋,20069,1020069,40069,200,104,Crop_69,1,phase,1,种子,plant/model/v4/Crop_1_1.png,https://jsq.gptvip.chat/images/plant/model/v4/Crop_1_1.png,莴笋/莴笋_01_种子.png,Seed,4800
莴笋,20069,1020069,40069,200,104,Crop_69,1,phase,2,发芽,plant/model/v4/Crop_69_2.png,https://jsq.gptvip.chat/images/plant/model/v4/Crop_69_2.png,莴笋/莴笋_02_发芽.png,2,4800
莴笋,20069,1020069,40069,200,104,Crop_69,1,phase,3,幼苗,plant/model/v4/Crop_69_3.png,https://jsq.gptvip.chat/images/plant/model/v4/Crop_69_3.png,莴笋/莴笋_03_幼苗.png,3,4800
莴笋,20069,1020069,40069,200,104,Crop_69,1,phase,4,莲座期,plant/model/v4/Crop_69_4.png,https://jsq.gptvip.chat/images/plant/model/v4/Crop_69_4.png,莴笋/莴笋_04_莲座期.png,4,7200
莴笋,20069,1020069,40069,200,104,Crop_69,1,phase,5,成株期,plant/model/v4/Crop_69_5.png,https://jsq.gptvip.chat/images/plant/model/v4/Crop_69_5.png,莴笋/莴笋_05_成株期.png,5,7200
莴笋,20069,1020069,40069,200,104,Crop_69,1,phase,6,成熟,plant/model/v4/Crop_69_6.png,https://jsq.gptvip.chat/images/plant/model/v4/Crop_69_6.png,莴笋/莴笋_06_成熟.png,6,0
芭蕉,20084,1020084,40084,200,106,Crop_84,1,thumb,0,作物图,plant/model/v4/Crop_84_Seed.png,https://jsq.gptvip.chat/images/plant/model/v4/Crop_84_Seed.png,芭蕉/芭蕉_00_作物图.png,,
芭蕉,20084,1020084,40084,200,106,Crop_84,1,phase,1,种子,plant/model/v4/Crop_1_1.png,https://jsq.gptvip.chat/images/plant/model/v4/Crop_1_1.png,芭蕉/芭蕉_01_种子.png,Seed,7200
芭蕉,20084,1020084,40084,200,106,Crop_84,1,phase,2,发芽,plant/model/v4/Crop_84_2.png,https://jsq.gptvip.chat/images/plant/model/v4/Crop_84_2.png,芭蕉/芭蕉_02_发芽.png,2,7200
芭蕉,20084,1020084,40084,200,106,Crop_84,1,phase,3,小叶子,plant/model/v4/Crop_84_3.png,https://jsq.gptvip.chat/images/plant/model/v4/Crop_84_3.png,芭蕉/芭蕉_03_小叶子.png,3,7200
芭蕉,20084,1020084,40084,200,106,Crop_84,1,phase,4,大叶子,plant/model/v4/Crop_84_4.png,https://jsq.gptvip.chat/images/plant/model/v4/Crop_84_4.png,芭蕉/芭蕉_04_大叶子.png,4,10800
芭蕉,20084,1020084,40084,200,106,Crop_84,1,phase,5,开花,plant/model/v4/Crop_84_5.png,https://jsq.gptvip.chat/images/plant/model/v4/Crop_84_5.png,芭蕉/芭蕉_05_开花.png,5,10800
芭蕉,20084,1020084,40084,200,106,Crop_84,1,phase,6,结果,plant/model/v4/Crop_84_6.png,https://jsq.gptvip.chat/images/plant/model/v4/Crop_84_6.png,芭蕉/芭蕉_06_结果.png,6,0
依米花,20226,1020226,40226,200,108,Crop_226,1,thumb,0,作物图,plant/model/v4/Crop_226_Seed.png,https://jsq.gptvip.chat/images/plant/model/v4/Crop_226_Seed.png,依米花/依米花_00_作物图.png,,
依米花,20226,1020226,40226,200,108,Crop_226,1,phase,1,种子,plant/model/v4/Crop_1_1.png,https://jsq.gptvip.chat/images/plant/model/v4/Crop_1_1.png,依米花/依米花_01_种子.png,Seed,14400
依米花,20226,1020226,40226,200,108,Crop_226,1,phase,2,发芽,plant/model/v4/Crop_226_2.png,https://jsq.gptvip.chat/images/plant/model/v4/Crop_226_2.png,依米花/依米花_02_发芽.png,2,14400
依米花,20226,1020226,40226,200,108,Crop_226,1,phase,3,小叶子,plant/model/v4/Crop_226_3.png,https://jsq.gptvip.chat/images/plant/model/v4/Crop_226_3.png,依米花/依米花_03_小叶子.png,3,14400
依米花,20226,1020226,40226,200,108,Crop_226,1,phase,4,大叶子,plant/model/v4/Crop_226_4.png,https://jsq.gptvip.chat/images/plant/model/v4/Crop_226_4.png,依米花/依米花_04_大叶子.png,4,21600
依米花,20226,1020226,40226,200,108,Crop_226,1,phase,5,花蕾,plant/model/v4/Crop_226_5.png,https://jsq.gptvip.chat/images/plant/model/v4/Crop_226_5.png,依米花/依米花_05_花蕾.png,5,21600
依米花,20226,1020226,40226,200,108,Crop_226,1,phase,6,盛开,plant/model/v4/Crop_226_6.png,https://jsq.gptvip.chat/images/plant/model/v4/Crop_226_6.png,依米花/依米花_06_盛开.png,6,0
番荔枝,20085,1020085,40085,200,110,Crop_85,1,thumb,0,作物图,plant/model/v4/Crop_85_Seed.png,https://jsq.gptvip.chat/images/plant/model/v4/Crop_85_Seed.png,番荔枝/番荔枝_00_作物图.png,,
番荔枝,20085,1020085,40085,200,110,Crop_85,1,phase,1,种子,plant/model/v4/Crop_1_1.png,https://jsq.gptvip.chat/images/plant/model/v4/Crop_1_1.png,番荔枝/番荔枝_01_种子.png,Seed,2400
番荔枝,20085,1020085,40085,200,110,Crop_85,1,phase,2,发芽,plant/model/v4/Crop_85_2.png,https://jsq.gptvip.chat/images/plant/model/v4/Crop_85_2.png,番荔枝/番荔枝_02_发芽.png,2,2400
番荔枝,20085,1020085,40085,200,110,Crop_85,1,phase,3,小叶子,plant/model/v4/Crop_85_3.png,https://jsq.gptvip.chat/images/plant/model/v4/Crop_85_3.png,番荔枝/番荔枝_03_小叶子.png,3,2400
番荔枝,20085,1020085,40085,200,110,Crop_85,1,phase,4,大叶子,plant/model/v4/Crop_85_4.png,https://jsq.gptvip.chat/images/plant/model/v4/Crop_85_4.png,番荔枝/番荔枝_04_大叶子.png,4,3600
番荔枝,20085,1020085,40085,200,110,Crop_85,1,phase,5,开花,plant/model/v4/Crop_85_5.png,https://jsq.gptvip.chat/images/plant/model/v4/Crop_85_5.png,番荔枝/番荔枝_05_开花.png,5,3600
番荔枝,20085,1020085,40085,200,110,Crop_85,1,phase,6,结果,plant/model/v4/Crop_85_6.png,https://jsq.gptvip.chat/images/plant/model/v4/Crop_85_6.png,番荔枝/番荔枝_06_结果.png,6,0
大王花,20227,1020227,40227,200,112,Crop_227,1,thumb,0,作物图,plant/model/v4/Crop_227_Seed.png,https://jsq.gptvip.chat/images/plant/model/v4/Crop_227_Seed.png,大王花/大王花_00_作物图.png,,
大王花,20227,1020227,40227,200,112,Crop_227,1,phase,1,种子,plant/model/v4/Crop_1_1.png,https://jsq.gptvip.chat/images/plant/model/v4/Crop_1_1.png,大王花/大王花_01_种子.png,Seed,4800
大王花,20227,1020227,40227,200,112,Crop_227,1,phase,2,发芽,plant/model/v4/Crop_227_2.png,https://jsq.gptvip.chat/images/plant/model/v4/Crop_227_2.png,大王花/大王花_02_发芽.png,2,4800
大王花,20227,1020227,40227,200,112,Crop_227,1,phase,3,幼蕾,plant/model/v4/Crop_227_3.png,https://jsq.gptvip.chat/images/plant/model/v4/Crop_227_3.png,大王花/大王花_03_幼蕾.png,3,4800
大王花,20227,1020227,40227,200,112,Crop_227,1,phase,4,含苞,plant/model/v4/Crop_227_4.png,https://jsq.gptvip.chat/images/plant/model/v4/Crop_227_4.png,大王花/大王花_04_含苞.png,4,7200
大王花,20227,1020227,40227,200,112,Crop_227,1,phase,5,初放,plant/model/v4/Crop_227_5.png,https://jsq.gptvip.chat/images/plant/model/v4/Crop_227_5.png,大王花/大王花_05_初放.png,5,7200
大王花,20227,1020227,40227,200,112,Crop_227,1,phase,6,盛开,plant/model/v4/Crop_227_6.png,https://jsq.gptvip.chat/images/plant/model/v4/Crop_227_6.png,大王花/大王花_06_盛开.png,6,0
橄榄,20086,1020086,40086,200,114,Crop_86,1,thumb,0,作物图,plant/model/v4/Crop_86_Seed.png,https://jsq.gptvip.chat/images/plant/model/v4/Crop_86_Seed.png,橄榄/橄榄_00_作物图.png,,
橄榄,20086,1020086,40086,200,114,Crop_86,1,phase,1,种子,plant/model/v4/Crop_1_1.png,https://jsq.gptvip.chat/images/plant/model/v4/Crop_1_1.png,橄榄/橄榄_01_种子.png,Seed,7200
橄榄,20086,1020086,40086,200,114,Crop_86,1,phase,2,发芽,plant/model/v4/Crop_86_2.png,https://jsq.gptvip.chat/images/plant/model/v4/Crop_86_2.png,橄榄/橄榄_02_发芽.png,2,7200
橄榄,20086,1020086,40086,200,114,Crop_86,1,phase,3,小叶子,plant/model/v4/Crop_86_3.png,https://jsq.gptvip.chat/images/plant/model/v4/Crop_86_3.png,橄榄/橄榄_03_小叶子.png,3,7200
橄榄,20086,1020086,40086,200,114,Crop_86,1,phase,4,大叶子,plant/model/v4/Crop_86_4.png,https://jsq.gptvip.chat/images/plant/model/v4/Crop_86_4.png,橄榄/橄榄_04_大叶子.png,4,10800
橄榄,20086,1020086,40086,200,114,Crop_86,1,phase,5,开花,plant/model/v4/Crop_86_5.png,https://jsq.gptvip.chat/images/plant/model/v4/Crop_86_5.png,橄榄/橄榄_05_开花.png,5,10800
橄榄,20086,1020086,40086,200,114,Crop_86,1,phase,6,成熟,plant/model/v4/Crop_86_6.png,https://jsq.gptvip.chat/images/plant/model/v4/Crop_86_6.png,橄榄/橄榄_06_成熟.png,6,0
人参果,20228,1020228,40228,200,116,Crop_228,1,thumb,0,作物图,plant/model/v4/Crop_228_Seed.png,https://jsq.gptvip.chat/images/plant/model/v4/Crop_228_Seed.png,人参果/人参果_00_作物图.png,,
人参果,20228,1020228,40228,200,116,Crop_228,1,phase,1,种子,plant/model/v4/Crop_1_1.png,https://jsq.gptvip.chat/images/plant/model/v4/Crop_1_1.png,人参果/人参果_01_种子.png,Seed,14400
人参果,20228,1020228,40228,200,116,Crop_228,1,phase,2,发芽,plant/model/v4/Crop_228_2.png,https://jsq.gptvip.chat/images/plant/model/v4/Crop_228_2.png,人参果/人参果_02_发芽.png,2,14400
人参果,20228,1020228,40228,200,116,Crop_228,1,phase,3,小叶子,plant/model/v4/Crop_228_3.png,https://jsq.gptvip.chat/images/plant/model/v4/Crop_228_3.png,人参果/人参果_03_小叶子.png,3,14400
人参果,20228,1020228,40228,200,116,Crop_228,1,phase,4,大叶子,plant/model/v4/Crop_228_4.png,https://jsq.gptvip.chat/images/plant/model/v4/Crop_228_4.png,人参果/人参果_04_大叶子.png,4,21600
人参果,20228,1020228,40228,200,116,Crop_228,1,phase,5,开花,plant/model/v4/Crop_228_5.png,https://jsq.gptvip.chat/images/plant/model/v4/Crop_228_5.png,人参果/人参果_05_开花.png,5,21600
人参果,20228,1020228,40228,200,116,Crop_228,1,phase,6,成熟,plant/model/v4/Crop_228_6.png,https://jsq.gptvip.chat/images/plant/model/v4/Crop_228_6.png,人参果/人参果_06_成熟.png,6,0
百香果,20087,1020087,40087,200,118,Crop_87,1,thumb,0,作物图,plant/model/v4/Crop_87_Seed.png,https://jsq.gptvip.chat/images/plant/model/v4/Crop_87_Seed.png,百香果/百香果_00_作物图.png,,
百香果,20087,1020087,40087,200,118,Crop_87,1,phase,1,种子,plant/model/v4/Crop_1_1.png,https://jsq.gptvip.chat/images/plant/model/v4/Crop_1_1.png,百香果/百香果_01_种子.png,Seed,2400
百香果,20087,1020087,40087,200,118,Crop_87,1,phase,2,发芽,plant/model/v4/Crop_87_2.png,https://jsq.gptvip.chat/images/plant/model/v4/Crop_87_2.png,百香果/百香果_02_发芽.png,2,2400
百香果,20087,1020087,40087,200,118,Crop_87,1,phase,3,小叶子,plant/model/v4/Crop_87_3.png,https://jsq.gptvip.chat/images/plant/model/v4/Crop_87_3.png,百香果/百香果_03_小叶子.png,3,2400
百香果,20087,1020087,40087,200,118,Crop_87,1,phase,4,大叶子,plant/model/v4/Crop_87_4.png,https://jsq.gptvip.chat/images/plant/model/v4/Crop_87_4.png,百香果/百香果_04_大叶子.png,4,3600
百香果,20087,1020087,40087,200,118,Crop_87,1,phase,5,开花,plant/model/v4/Crop_87_5.png,https://jsq.gptvip.chat/images/plant/model/v4/Crop_87_5.png,百香果/百香果_05_开花.png,5,3600
百香果,20087,1020087,40087,200,118,Crop_87,1,phase,6,结果,plant/model/v4/Crop_87_6.png,https://jsq.gptvip.chat/images/plant/model/v4/Crop_87_6.png,百香果/百香果_06_结果.png,6,0
金花茶,20235,1020235,40235,200,120,Crop_235,1,thumb,0,作物图,plant/model/v4/Crop_235_Seed.png,https://jsq.gptvip.chat/images/plant/model/v4/Crop_235_Seed.png,金花茶/金花茶_00_作物图.png,,
金花茶,20235,1020235,40235,200,120,Crop_235,1,phase,1,种子,plant/model/v4/Crop_1_1.png,https://jsq.gptvip.chat/images/plant/model/v4/Crop_1_1.png,金花茶/金花茶_01_种子.png,Seed,4800
金花茶,20235,1020235,40235,200,120,Crop_235,1,phase,2,发芽,plant/model/v4/Crop_235_2.png,https://jsq.gptvip.chat/images/plant/model/v4/Crop_235_2.png,金花茶/金花茶_02_发芽.png,2,4800
金花茶,20235,1020235,40235,200,120,Crop_235,1,phase,3,小叶子,plant/model/v4/Crop_235_3.png,https://jsq.gptvip.chat/images/plant/model/v4/Crop_235_3.png,金花茶/金花茶_03_小叶子.png,3,4800
金花茶,20235,1020235,40235,200,120,Crop_235,1,phase,4,大叶子,plant/model/v4/Crop_235_4.png,https://jsq.gptvip.chat/images/plant/model/v4/Crop_235_4.png,金花茶/金花茶_04_大叶子.png,4,7200
金花茶,20235,1020235,40235,200,120,Crop_235,1,phase,5,花蕾,plant/model/v4/Crop_235_5.png,https://jsq.gptvip.chat/images/plant/model/v4/Crop_235_5.png,金花茶/金花茶_05_花蕾.png,5,7200
金花茶,20235,1020235,40235,200,120,Crop_235,1,phase,6,盛开,plant/model/v4/Crop_235_6.png,https://jsq.gptvip.chat/images/plant/model/v4/Crop_235_6.png,金花茶/金花茶_06_盛开.png,6,0
灯笼果,20088,1020088,40088,200,122,Crop_88,1,thumb,0,作物图,plant/model/v4/Crop_88_Seed.png,https://jsq.gptvip.chat/images/plant/model/v4/Crop_88_Seed.png,灯笼果/灯笼果_00_作物图.png,,
灯笼果,20088,1020088,40088,200,122,Crop_88,1,phase,1,种子,plant/model/v4/Crop_1_1.png,https://jsq.gptvip.chat/images/plant/model/v4/Crop_1_1.png,灯笼果/灯笼果_01_种子.png,Seed,7200
灯笼果,20088,1020088,40088,200,122,Crop_88,1,phase,2,发芽,plant/model/v4/Crop_88_2.png,https://jsq.gptvip.chat/images/plant/model/v4/Crop_88_2.png,灯笼果/灯笼果_02_发芽.png,2,7200
灯笼果,20088,1020088,40088,200,122,Crop_88,1,phase,3,小叶子,plant/model/v4/Crop_88_3.png,https://jsq.gptvip.chat/images/plant/model/v4/Crop_88_3.png,灯笼果/灯笼果_03_小叶子.png,3,7200
灯笼果,20088,1020088,40088,200,122,Crop_88,1,phase,4,大叶子,plant/model/v4/Crop_88_4.png,https://jsq.gptvip.chat/images/plant/model/v4/Crop_88_4.png,灯笼果/灯笼果_04_大叶子.png,4,10800
灯笼果,20088,1020088,40088,200,122,Crop_88,1,phase,5,开花,plant/model/v4/Crop_88_5.png,https://jsq.gptvip.chat/images/plant/model/v4/Crop_88_5.png,灯笼果/灯笼果_05_开花.png,5,10800
灯笼果,20088,1020088,40088,200,122,Crop_88,1,phase,6,结果,plant/model/v4/Crop_88_6.png,https://jsq.gptvip.chat/images/plant/model/v4/Crop_88_6.png,灯笼果/灯笼果_06_结果.png,6,0
天山雪莲,20201,1020201,40201,200,124,Crop_201,1,thumb,0,作物图,plant/model/v4/Crop_201_Seed.png,https://jsq.gptvip.chat/images/plant/model/v4/Crop_201_Seed.png,天山雪莲/天山雪莲_00_作物图.png,,
天山雪莲,20201,1020201,40201,200,124,Crop_201,1,phase,1,种子,plant/model/v4/Crop_1_1.png,https://jsq.gptvip.chat/images/plant/model/v4/Crop_1_1.png,天山雪莲/天山雪莲_01_种子.png,Seed,14400
天山雪莲,20201,1020201,40201,200,124,Crop_201,1,phase,2,发芽,plant/model/v4/Crop_201_2.png,https://jsq.gptvip.chat/images/plant/model/v4/Crop_201_2.png,天山雪莲/天山雪莲_02_发芽.png,2,14400
天山雪莲,20201,1020201,40201,200,124,Crop_201,1,phase,3,小叶子,plant/model/v4/Crop_201_3.png,https://jsq.gptvip.chat/images/plant/model/v4/Crop_201_3.png,天山雪莲/天山雪莲_03_小叶子.png,3,14400
天山雪莲,20201,1020201,40201,200,124,Crop_201,1,phase,4,大叶子,plant/model/v4/Crop_201_4.png,https://jsq.gptvip.chat/images/plant/model/v4/Crop_201_4.png,天山雪莲/天山雪莲_04_大叶子.png,4,21600
天山雪莲,20201,1020201,40201,200,124,Crop_201,1,phase,5,幼株,plant/model/v4/Crop_201_5.png,https://jsq.gptvip.chat/images/plant/model/v4/Crop_201_5.png,天山雪莲/天山雪莲_05_幼株.png,5,21600
天山雪莲,20201,1020201,40201,200,124,Crop_201,1,phase,6,成熟,plant/model/v4/Crop_201_6.png,https://jsq.gptvip.chat/images/plant/model/v4/Crop_201_6.png,天山雪莲/天山雪莲_06_成熟.png,6,0
芦荟,20089,1020089,40089,200,126,Crop_89,1,thumb,0,作物图,plant/model/v4/Crop_89_Seed.png,https://jsq.gptvip.chat/images/plant/model/v4/Crop_89_Seed.png,芦荟/芦荟_00_作物图.png,,
芦荟,20089,1020089,40089,200,126,Crop_89,1,phase,1,种子,plant/model/v4/Crop_1_1.png,https://jsq.gptvip.chat/images/plant/model/v4/Crop_1_1.png,芦荟/芦荟_01_种子.png,Seed,2400
芦荟,20089,1020089,40089,200,126,Crop_89,1,phase,2,发芽,plant/model/v4/Crop_89_2.png,https://jsq.gptvip.chat/images/plant/model/v4/Crop_89_2.png,芦荟/芦荟_02_发芽.png,2,2400
芦荟,20089,1020089,40089,200,126,Crop_89,1,phase,3,小叶子,plant/model/v4/Crop_89_3.png,https://jsq.gptvip.chat/images/plant/model/v4/Crop_89_3.png,芦荟/芦荟_03_小叶子.png,3,2400
芦荟,20089,1020089,40089,200,126,Crop_89,1,phase,4,大叶子,plant/model/v4/Crop_89_4.png,https://jsq.gptvip.chat/images/plant/model/v4/Crop_89_4.png,芦荟/芦荟_04_大叶子.png,4,3600
芦荟,20089,1020089,40089,200,126,Crop_89,1,phase,5,开花,plant/model/v4/Crop_89_5.png,https://jsq.gptvip.chat/images/plant/model/v4/Crop_89_5.png,芦荟/芦荟_05_开花.png,5,3600
芦荟,20089,1020089,40089,200,126,Crop_89,1,phase,6,成熟,plant/model/v4/Crop_89_6.png,https://jsq.gptvip.chat/images/plant/model/v4/Crop_89_6.png,芦荟/芦荟_06_成熟.png,6,0
金边灵芝,20202,1020202,40202,200,128,Crop_202,1,thumb,0,作物图,plant/model/v4/Crop_202_Seed.png,https://jsq.gptvip.chat/images/plant/model/v4/Crop_202_Seed.png,金边灵芝/金边灵芝_00_作物图.png,,
金边灵芝,20202,1020202,40202,200,128,Crop_202,1,phase,1,种子,plant/model/v4/Crop_1_1.png,https://jsq.gptvip.chat/images/plant/model/v4/Crop_1_1.png,金边灵芝/金边灵芝_01_种子.png,Seed,4800
金边灵芝,20202,1020202,40202,200,128,Crop_202,1,phase,2,发芽,plant/model/v4/Crop_202_2.png,https://jsq.gptvip.chat/images/plant/model/v4/Crop_202_2.png,金边灵芝/金边灵芝_02_发芽.png,2,4800
金边灵芝,20202,1020202,40202,200,128,Crop_202,1,phase,3,芝蕾,plant/model/v4/Crop_202_3.png,https://jsq.gptvip.chat/images/plant/model/v4/Crop_202_3.png,金边灵芝/金边灵芝_03_芝蕾.png,3,4800
金边灵芝,20202,1020202,40202,200,128,Crop_202,1,phase,4,幼芝,plant/model/v4/Crop_202_4.png,https://jsq.gptvip.chat/images/plant/model/v4/Crop_202_4.png,金边灵芝/金边灵芝_04_幼芝.png,4,7200
金边灵芝,20202,1020202,40202,200,128,Crop_202,1,phase,5,初熟,plant/model/v4/Crop_202_5.png,https://jsq.gptvip.chat/images/plant/model/v4/Crop_202_5.png,金边灵芝/金边灵芝_05_初熟.png,5,7200
金边灵芝,20202,1020202,40202,200,128,Crop_202,1,phase,6,成熟,plant/model/v4/Crop_202_6.png,https://jsq.gptvip.chat/images/plant/model/v4/Crop_202_6.png,金边灵芝/金边灵芝_06_成熟.png,6,0
薄荷,20090,1020090,40090,200,130,Crop_90,1,thumb,0,作物图,plant/model/v4/Crop_90_Seed.png,https://jsq.gptvip.chat/images/plant/model/v4/Crop_90_Seed.png,薄荷/薄荷_00_作物图.png,,
薄荷,20090,1020090,40090,200,130,Crop_90,1,phase,1,种子,plant/model/v4/Crop_1_1.png,https://jsq.gptvip.chat/images/plant/model/v4/Crop_1_1.png,薄荷/薄荷_01_种子.png,Seed,7200
薄荷,20090,1020090,40090,200,130,Crop_90,1,phase,2,发芽,plant/model/v4/Crop_90_2.png,https://jsq.gptvip.chat/images/plant/model/v4/Crop_90_2.png,薄荷/薄荷_02_发芽.png,2,7200
薄荷,20090,1020090,40090,200,130,Crop_90,1,phase,3,小叶子,plant/model/v4/Crop_90_3.png,https://jsq.gptvip.chat/images/plant/model/v4/Crop_90_3.png,薄荷/薄荷_03_小叶子.png,3,7200
薄荷,20090,1020090,40090,200,130,Crop_90,1,phase,4,大叶子,plant/model/v4/Crop_90_4.png,https://jsq.gptvip.chat/images/plant/model/v4/Crop_90_4.png,薄荷/薄荷_04_大叶子.png,4,10800
薄荷,20090,1020090,40090,200,130,Crop_90,1,phase,5,开花,plant/model/v4/Crop_90_5.png,https://jsq.gptvip.chat/images/plant/model/v4/Crop_90_5.png,薄荷/薄荷_05_开花.png,5,10800
薄荷,20090,1020090,40090,200,130,Crop_90,1,phase,6,成熟,plant/model/v4/Crop_90_6.png,https://jsq.gptvip.chat/images/plant/model/v4/Crop_90_6.png,薄荷/薄荷_06_成熟.png,6,0
何首乌,20229,1020229,40229,200,132,Crop_229,1,thumb,0,作物图,plant/model/v4/Crop_229_Seed.png,https://jsq.gptvip.chat/images/plant/model/v4/Crop_229_Seed.png,何首乌/何首乌_00_作物图.png,,
何首乌,20229,1020229,40229,200,132,Crop_229,1,phase,1,种子,plant/model/v4/Crop_1_1.png,https://jsq.gptvip.chat/images/plant/model/v4/Crop_1_1.png,何首乌/何首乌_01_种子.png,Seed,14400
何首乌,20229,1020229,40229,200,132,Crop_229,1,phase,2,发芽,plant/model/v4/Crop_229_2.png,https://jsq.gptvip.chat/images/plant/model/v4/Crop_229_2.png,何首乌/何首乌_02_发芽.png,2,14400
何首乌,20229,1020229,40229,200,132,Crop_229,1,phase,3,小叶子,plant/model/v4/Crop_229_3.png,https://jsq.gptvip.chat/images/plant/model/v4/Crop_229_3.png,何首乌/何首乌_03_小叶子.png,3,14400
何首乌,20229,1020229,40229,200,132,Crop_229,1,phase,4,大叶子,plant/model/v4/Crop_229_4.png,https://jsq.gptvip.chat/images/plant/model/v4/Crop_229_4.png,何首乌/何首乌_04_大叶子.png,4,21600
何首乌,20229,1020229,40229,200,132,Crop_229,1,phase,5,初熟,plant/model/v4/Crop_229_5.png,https://jsq.gptvip.chat/images/plant/model/v4/Crop_229_5.png,何首乌/何首乌_05_初熟.png,5,21600
何首乌,20229,1020229,40229,200,132,Crop_229,1,phase,6,成熟,plant/model/v4/Crop_229_6.png,https://jsq.gptvip.chat/images/plant/model/v4/Crop_229_6.png,何首乌/何首乌_06_成熟.png,6,0
晚香玉,20174,1020174,40174,200,134,Crop_174,1,thumb,0,作物图,plant/model/v4/Crop_174_Seed.png,https://jsq.gptvip.chat/images/plant/model/v4/Crop_174_Seed.png,晚香玉/晚香玉_00_作物图.png,,
晚香玉,20174,1020174,40174,200,134,Crop_174,1,phase,1,种子,plant/model/v4/Crop_1_1.png,https://jsq.gptvip.chat/images/plant/model/v4/Crop_1_1.png,晚香玉/晚香玉_01_种子.png,Seed,2400
晚香玉,20174,1020174,40174,200,134,Crop_174,1,phase,2,发芽,plant/model/v4/Crop_174_2.png,https://jsq.gptvip.chat/images/plant/model/v4/Crop_174_2.png,晚香玉/晚香玉_02_发芽.png,2,2400
晚香玉,20174,1020174,40174,200,134,Crop_174,1,phase,3,小叶子,plant/model/v4/Crop_174_3.png,https://jsq.gptvip.chat/images/plant/model/v4/Crop_174_3.png,晚香玉/晚香玉_03_小叶子.png,3,2400
晚香玉,20174,1020174,40174,200,134,Crop_174,1,phase,4,大叶子,plant/model/v4/Crop_174_4.png,https://jsq.gptvip.chat/images/plant/model/v4/Crop_174_4.png,晚香玉/晚香玉_04_大叶子.png,4,3600
晚香玉,20174,1020174,40174,200,134,Crop_174,1,phase,5,花蕾,plant/model/v4/Crop_174_5.png,https://jsq.gptvip.chat/images/plant/model/v4/Crop_174_5.png,晚香玉/晚香玉_05_花蕾.png,5,3600
晚香玉,20174,1020174,40174,200,134,Crop_174,1,phase,6,盛开,plant/model/v4/Crop_174_6.png,https://jsq.gptvip.chat/images/plant/model/v4/Crop_174_6.png,晚香玉/晚香玉_06_盛开.png,6,0
人参,20204,1020204,40204,200,136,Crop_204,1,thumb,0,作物图,plant/model/v4/Crop_204_Seed.png,https://jsq.gptvip.chat/images/plant/model/v4/Crop_204_Seed.png,人参/人参_00_作物图.png,,
人参,20204,1020204,40204,200,136,Crop_204,1,phase,1,种子,plant/model/v4/Crop_1_1.png,https://jsq.gptvip.chat/images/plant/model/v4/Crop_1_1.png,人参/人参_01_种子.png,Seed,4800
人参,20204,1020204,40204,200,136,Crop_204,1,phase,2,发芽,plant/model/v4/Crop_204_2.png,https://jsq.gptvip.chat/images/plant/model/v4/Crop_204_2.png,人参/人参_02_发芽.png,2,4800
人参,20204,1020204,40204,200,136,Crop_204,1,phase,3,小叶子,plant/model/v4/Crop_204_3.png,https://jsq.gptvip.chat/images/plant/model/v4/Crop_204_3.png,人参/人参_03_小叶子.png,3,4800
人参,20204,1020204,40204,200,136,Crop_204,1,phase,4,大叶子,plant/model/v4/Crop_204_4.png,https://jsq.gptvip.chat/images/plant/model/v4/Crop_204_4.png,人参/人参_04_大叶子.png,4,7200
人参,20204,1020204,40204,200,136,Crop_204,1,phase,5,初熟,plant/model/v4/Crop_204_5.png,https://jsq.gptvip.chat/images/plant/model/v4/Crop_204_5.png,人参/人参_05_初熟.png,5,7200
人参,20204,1020204,40204,200,136,Crop_204,1,phase,6,成熟,plant/model/v4/Crop_204_6.png,https://jsq.gptvip.chat/images/plant/model/v4/Crop_204_6.png,人参/人参_06_成熟.png,6,0
鳄梨,20022,1020022,40022,200,138,Crop_22,1,thumb,0,作物图,plant/model/v4/Crop_22_Seed.png,https://jsq.gptvip.chat/images/plant/model/v4/Crop_22_Seed.png,鳄梨/鳄梨_00_作物图.png,,
鳄梨,20022,1020022,40022,200,138,Crop_22,1,phase,1,种子,plant/model/v4/Crop_1_1.png,https://jsq.gptvip.chat/images/plant/model/v4/Crop_1_1.png,鳄梨/鳄梨_01_种子.png,Seed,7200
鳄梨,20022,1020022,40022,200,138,Crop_22,1,phase,2,发芽,plant/model/v4/Crop_22_2.png,https://jsq.gptvip.chat/images/plant/model/v4/Crop_22_2.png,鳄梨/鳄梨_02_发芽.png,2,7200
鳄梨,20022,1020022,40022,200,138,Crop_22,1,phase,3,小叶子,plant/model/v4/Crop_22_3.png,https://jsq.gptvip.chat/images/plant/model/v4/Crop_22_3.png,鳄梨/鳄梨_03_小叶子.png,3,7200
鳄梨,20022,1020022,40022,200,138,Crop_22,1,phase,4,大叶子,plant/model/v4/Crop_22_4.png,https://jsq.gptvip.chat/images/plant/model/v4/Crop_22_4.png,鳄梨/鳄梨_04_大叶子.png,4,10800
鳄梨,20022,1020022,40022,200,138,Crop_22,1,phase,5,开花,plant/model/v4/Crop_22_5.png,https://jsq.gptvip.chat/images/plant/model/v4/Crop_22_5.png,鳄梨/鳄梨_05_开花.png,5,10800
鳄梨,20022,1020022,40022,200,138,Crop_22,1,phase,6,成熟,plant/model/v4/Crop_22_6.png,https://jsq.gptvip.chat/images/plant/model/v4/Crop_22_6.png,鳄梨/鳄梨_06_成熟.png,6,0
似血杜鹃,20242,1020242,40242,200,140,Crop_242,1,thumb,0,作物图,plant/model/v4/Crop_242_Seed.png,https://jsq.gptvip.chat/images/plant/model/v4/Crop_242_Seed.png,似血杜鹃/似血杜鹃_00_作物图.png,,
似血杜鹃,20242,1020242,40242,200,140,Crop_242,1,phase,1,种子,plant/model/v4/Crop_1_1.png,https://jsq.gptvip.chat/images/plant/model/v4/Crop_1_1.png,似血杜鹃/似血杜鹃_01_种子.png,Seed,14400
似血杜鹃,20242,1020242,40242,200,140,Crop_242,1,phase,2,发芽,plant/model/v4/Crop_242_2.png,https://jsq.gptvip.chat/images/plant/model/v4/Crop_242_2.png,似血杜鹃/似血杜鹃_02_发芽.png,2,14400
似血杜鹃,20242,1020242,40242,200,140,Crop_242,1,phase,3,小叶子,plant/model/v4/Crop_242_3.png,https://jsq.gptvip.chat/images/plant/model/v4/Crop_242_3.png,似血杜鹃/似血杜鹃_03_小叶子.png,3,14400
似血杜鹃,20242,1020242,40242,200,140,Crop_242,1,phase,4,大叶子,plant/model/v4/Crop_242_4.png,https://jsq.gptvip.chat/images/plant/model/v4/Crop_242_4.png,似血杜鹃/似血杜鹃_04_大叶子.png,4,21600
似血杜鹃,20242,1020242,40242,200,140,Crop_242,1,phase,5,花蕾,plant/model/v4/Crop_242_5.png,https://jsq.gptvip.chat/images/plant/model/v4/Crop_242_5.png,似血杜鹃/似血杜鹃_05_花蕾.png,5,21600
似血杜鹃,20242,1020242,40242,200,140,Crop_242,1,phase,6,盛开,plant/model/v4/Crop_242_6.png,https://jsq.gptvip.chat/images/plant/model/v4/Crop_242_6.png,似血杜鹃/似血杜鹃_06_盛开.png,6,0
文殊兰,20188,1020188,40188,200,142,Crop_188,1,thumb,0,作物图,plant/model/v4/Crop_188_Seed.png,https://jsq.gptvip.chat/images/plant/model/v4/Crop_188_Seed.png,文殊兰/文殊兰_00_作物图.png,,
文殊兰,20188,1020188,40188,200,142,Crop_188,1,phase,1,种子,plant/model/v4/Crop_1_1.png,https://jsq.gptvip.chat/images/plant/model/v4/Crop_1_1.png,文殊兰/文殊兰_01_种子.png,Seed,2400
文殊兰,20188,1020188,40188,200,142,Crop_188,1,phase,2,发芽,plant/model/v4/Crop_188_2.png,https://jsq.gptvip.chat/images/plant/model/v4/Crop_188_2.png,文殊兰/文殊兰_02_发芽.png,2,2400
文殊兰,20188,1020188,40188,200,142,Crop_188,1,phase,3,小叶子,plant/model/v4/Crop_188_3.png,https://jsq.gptvip.chat/images/plant/model/v4/Crop_188_3.png,文殊兰/文殊兰_03_小叶子.png,3,2400
文殊兰,20188,1020188,40188,200,142,Crop_188,1,phase,4,大叶子,plant/model/v4/Crop_188_4.png,https://jsq.gptvip.chat/images/plant/model/v4/Crop_188_4.png,文殊兰/文殊兰_04_大叶子.png,4,3600
文殊兰,20188,1020188,40188,200,142,Crop_188,1,phase,5,花蕾,plant/model/v4/Crop_188_5.png,https://jsq.gptvip.chat/images/plant/model/v4/Crop_188_5.png,文殊兰/文殊兰_05_花蕾.png,5,3600
文殊兰,20188,1020188,40188,200,142,Crop_188,1,phase,6,盛开,plant/model/v4/Crop_188_6.png,https://jsq.gptvip.chat/images/plant/model/v4/Crop_188_6.png,文殊兰/文殊兰_06_盛开.png,6,0
郁金香,20106,1020106,40106,200,144,Crop_106,1,thumb,0,作物图,plant/model/v4/Crop_106_Seed.png,https://jsq.gptvip.chat/images/plant/model/v4/Crop_106_Seed.png,郁金香/郁金香_00_作物图.png,,
郁金香,20106,1020106,40106,200,144,Crop_106,1,phase,1,种子,plant/model/v4/Crop_1_1.png,https://jsq.gptvip.chat/images/plant/model/v4/Crop_1_1.png,郁金香/郁金香_01_种子.png,Seed,4800
郁金香,20106,1020106,40106,200,144,Crop_106,1,phase,2,发芽,plant/model/v4/Crop_106_2.png,https://jsq.gptvip.chat/images/plant/model/v4/Crop_106_2.png,郁金香/郁金香_02_发芽.png,2,4800
郁金香,20106,1020106,40106,200,144,Crop_106,1,phase,3,小叶子,plant/model/v4/Crop_106_3.png,https://jsq.gptvip.chat/images/plant/model/v4/Crop_106_3.png,郁金香/郁金香_03_小叶子.png,3,4800
郁金香,20106,1020106,40106,200,144,Crop_106,1,phase,4,大叶子,plant/model/v4/Crop_106_4.png,https://jsq.gptvip.chat/images/plant/model/v4/Crop_106_4.png,郁金香/郁金香_04_大叶子.png,4,7200
郁金香,20106,1020106,40106,200,144,Crop_106,1,phase,5,花蕾,plant/model/v4/Crop_106_5.png,https://jsq.gptvip.chat/images/plant/model/v4/Crop_106_5.png,郁金香/郁金香_05_花蕾.png,5,7200
郁金香,20106,1020106,40106,200,144,Crop_106,1,phase,6,盛开,plant/model/v4/Crop_106_6.png,https://jsq.gptvip.chat/images/plant/model/v4/Crop_106_6.png,郁金香/郁金香_06_盛开.png,6,0
薰衣草,20101,1020101,40101,200,146,Crop_101,1,thumb,0,作物图,plant/model/v4/Crop_101_Seed.png,https://jsq.gptvip.chat/images/plant/model/v4/Crop_101_Seed.png,薰衣草/薰衣草_00_作物图.png,,
薰衣草,20101,1020101,40101,200,146,Crop_101,1,phase,1,种子,plant/model/v4/Crop_1_1.png,https://jsq.gptvip.chat/images/plant/model/v4/Crop_1_1.png,薰衣草/薰衣草_01_种子.png,Seed,7200
薰衣草,20101,1020101,40101,200,146,Crop_101,1,phase,2,发芽,plant/model/v4/Crop_101_2.png,https://jsq.gptvip.chat/images/plant/model/v4/Crop_101_2.png,薰衣草/薰衣草_02_发芽.png,2,7200
薰衣草,20101,1020101,40101,200,146,Crop_101,1,phase,3,小叶子,plant/model/v4/Crop_101_3.png,https://jsq.gptvip.chat/images/plant/model/v4/Crop_101_3.png,薰衣草/薰衣草_03_小叶子.png,3,7200
薰衣草,20101,1020101,40101,200,146,Crop_101,1,phase,4,大叶子,plant/model/v4/Crop_101_4.png,https://jsq.gptvip.chat/images/plant/model/v4/Crop_101_4.png,薰衣草/薰衣草_04_大叶子.png,4,10800
薰衣草,20101,1020101,40101,200,146,Crop_101,1,phase,5,花蕾,plant/model/v4/Crop_101_5.png,https://jsq.gptvip.chat/images/plant/model/v4/Crop_101_5.png,薰衣草/薰衣草_05_花蕾.png,5,10800
薰衣草,20101,1020101,40101,200,146,Crop_101,1,phase,6,盛开,plant/model/v4/Crop_101_6.png,https://jsq.gptvip.chat/images/plant/model/v4/Crop_101_6.png,薰衣草/薰衣草_06_盛开.png,6,0
马蹄莲,20102,1020102,40102,200,148,Crop_102,1,thumb,0,作物图,plant/model/v4/Crop_102_Seed.png,https://jsq.gptvip.chat/images/plant/model/v4/Crop_102_Seed.png,马蹄莲/马蹄莲_00_作物图.png,,
马蹄莲,20102,1020102,40102,200,148,Crop_102,1,phase,1,种子,plant/model/v4/Crop_1_1.png,https://jsq.gptvip.chat/images/plant/model/v4/Crop_1_1.png,马蹄莲/马蹄莲_01_种子.png,Seed,14400
马蹄莲,20102,1020102,40102,200,148,Crop_102,1,phase,2,发芽,plant/model/v4/Crop_102_2.png,https://jsq.gptvip.chat/images/plant/model/v4/Crop_102_2.png,马蹄莲/马蹄莲_02_发芽.png,2,14400
马蹄莲,20102,1020102,40102,200,148,Crop_102,1,phase,3,小叶子,plant/model/v4/Crop_102_3.png,https://jsq.gptvip.chat/images/plant/model/v4/Crop_102_3.png,马蹄莲/马蹄莲_03_小叶子.png,3,14400
马蹄莲,20102,1020102,40102,200,148,Crop_102,1,phase,4,大叶子,plant/model/v4/Crop_102_4.png,https://jsq.gptvip.chat/images/plant/model/v4/Crop_102_4.png,马蹄莲/马蹄莲_04_大叶子.png,4,21600
马蹄莲,20102,1020102,40102,200,148,Crop_102,1,phase,5,初熟,plant/model/v4/Crop_102_5.png,https://jsq.gptvip.chat/images/plant/model/v4/Crop_102_5.png,马蹄莲/马蹄莲_05_初熟.png,5,21600
马蹄莲,20102,1020102,40102,200,148,Crop_102,1,phase,6,成熟,plant/model/v4/Crop_102_6.png,https://jsq.gptvip.chat/images/plant/model/v4/Crop_102_6.png,马蹄莲/马蹄莲_06_成熟.png,6,0
艳蝶兰,20182,1020182,40182,200,150,Crop_182,1,thumb,0,作物图,plant/model/v4/Crop_182_Seed.png,https://jsq.gptvip.chat/images/plant/model/v4/Crop_182_Seed.png,艳蝶兰/艳蝶兰_00_作物图.png,,
艳蝶兰,20182,1020182,40182,200,150,Crop_182,1,phase,1,种子,plant/model/v4/Crop_1_1.png,https://jsq.gptvip.chat/images/plant/model/v4/Crop_1_1.png,艳蝶兰/艳蝶兰_01_种子.png,Seed,2400
艳蝶兰,20182,1020182,40182,200,150,Crop_182,1,phase,2,发芽,plant/model/v4/Crop_182_2.png,https://jsq.gptvip.chat/images/plant/model/v4/Crop_182_2.png,艳蝶兰/艳蝶兰_02_发芽.png,2,2400
艳蝶兰,20182,1020182,40182,200,150,Crop_182,1,phase,3,小叶子,plant/model/v4/Crop_182_3.png,https://jsq.gptvip.chat/images/plant/model/v4/Crop_182_3.png,艳蝶兰/艳蝶兰_03_小叶子.png,3,2400
艳蝶兰,20182,1020182,40182,200,150,Crop_182,1,phase,4,大叶子,plant/model/v4/Crop_182_4.png,https://jsq.gptvip.chat/images/plant/model/v4/Crop_182_4.png,艳蝶兰/艳蝶兰_04_大叶子.png,4,3600
艳蝶兰,20182,1020182,40182,200,150,Crop_182,1,phase,5,花蕾,plant/model/v4/Crop_182_5.png,https://jsq.gptvip.chat/images/plant/model/v4/Crop_182_5.png,艳蝶兰/艳蝶兰_05_花蕾.png,5,3600
艳蝶兰,20182,1020182,40182,200,150,Crop_182,1,phase,6,盛开,plant/model/v4/Crop_182_6.png,https://jsq.gptvip.chat/images/plant/model/v4/Crop_182_6.png,艳蝶兰/艳蝶兰_06_盛开.png,6,0
宝华玉兰,20225,1020225,40225,200,152,Crop_225,1,thumb,0,作物图,plant/model/v4/Crop_225_Seed.png,https://jsq.gptvip.chat/images/plant/model/v4/Crop_225_Seed.png,宝华玉兰/宝华玉兰_00_作物图.png,,
宝华玉兰,20225,1020225,40225,200,152,Crop_225,1,phase,1,种子,plant/model/v4/Crop_1_1.png,https://jsq.gptvip.chat/images/plant/model/v4/Crop_1_1.png,宝华玉兰/宝华玉兰_01_种子.png,Seed,4800
宝华玉兰,20225,1020225,40225,200,152,Crop_225,1,phase,2,发芽,plant/model/v4/Crop_225_2.png,https://jsq.gptvip.chat/images/plant/model/v4/Crop_225_2.png,宝华玉兰/宝华玉兰_02_发芽.png,2,4800
宝华玉兰,20225,1020225,40225,200,152,Crop_225,1,phase,3,小叶子,plant/model/v4/Crop_225_3.png,https://jsq.gptvip.chat/images/plant/model/v4/Crop_225_3.png,宝华玉兰/宝华玉兰_03_小叶子.png,3,4800
宝华玉兰,20225,1020225,40225,200,152,Crop_225,1,phase,4,大叶子,plant/model/v4/Crop_225_4.png,https://jsq.gptvip.chat/images/plant/model/v4/Crop_225_4.png,宝华玉兰/宝华玉兰_04_大叶子.png,4,7200
宝华玉兰,20225,1020225,40225,200,152,Crop_225,1,phase,5,花蕾,plant/model/v4/Crop_225_5.png,https://jsq.gptvip.chat/images/plant/model/v4/Crop_225_5.png,宝华玉兰/宝华玉兰_05_花蕾.png,5,7200
宝华玉兰,20225,1020225,40225,200,152,Crop_225,1,phase,6,盛开,plant/model/v4/Crop_225_6.png,https://jsq.gptvip.chat/images/plant/model/v4/Crop_225_6.png,宝华玉兰/宝华玉兰_06_盛开.png,6,0
月季花,20124,1020124,40124,200,154,Crop_124,1,thumb,0,作物图,plant/model/v4/Crop_124_Seed.png,https://jsq.gptvip.chat/images/plant/model/v4/Crop_124_Seed.png,月季花/月季花_00_作物图.png,,
月季花,20124,1020124,40124,200,154,Crop_124,1,phase,1,种子,plant/model/v4/Crop_1_1.png,https://jsq.gptvip.chat/images/plant/model/v4/Crop_1_1.png,月季花/月季花_01_种子.png,Seed,7200
月季花,20124,1020124,40124,200,154,Crop_124,1,phase,2,发芽,plant/model/v4/Crop_124_2.png,https://jsq.gptvip.chat/images/plant/model/v4/Crop_124_2.png,月季花/月季花_02_发芽.png,2,7200
月季花,20124,1020124,40124,200,154,Crop_124,1,phase,3,小叶子,plant/model/v4/Crop_124_3.png,https://jsq.gptvip.chat/images/plant/model/v4/Crop_124_3.png,月季花/月季花_03_小叶子.png,3,7200
月季花,20124,1020124,40124,200,154,Crop_124,1,phase,4,大叶子,plant/model/v4/Crop_124_4.png,https://jsq.gptvip.chat/images/plant/model/v4/Crop_124_4.png,月季花/月季花_04_大叶子.png,4,10800
月季花,20124,1020124,40124,200,154,Crop_124,1,phase,5,花蕾,plant/model/v4/Crop_124_5.png,https://jsq.gptvip.chat/images/plant/model/v4/Crop_124_5.png,月季花/月季花_05_花蕾.png,5,10800
月季花,20124,1020124,40124,200,154,Crop_124,1,phase,6,盛开,plant/model/v4/Crop_124_6.png,https://jsq.gptvip.chat/images/plant/model/v4/Crop_124_6.png,月季花/月季花_06_盛开.png,6,0
兰花,20115,1020115,40115,200,156,Crop_115,1,thumb,0,作物图,plant/model/v4/Crop_115_Seed.png,https://jsq.gptvip.chat/images/plant/model/v4/Crop_115_Seed.png,兰花/兰花_00_作物图.png,,
兰花,20115,1020115,40115,200,156,Crop_115,1,phase,1,种子,plant/model/v4/Crop_1_1.png,https://jsq.gptvip.chat/images/plant/model/v4/Crop_1_1.png,兰花/兰花_01_种子.png,Seed,14400
兰花,20115,1020115,40115,200,156,Crop_115,1,phase,2,小叶子,plant/model/v4/Crop_115_2.png,https://jsq.gptvip.chat/images/plant/model/v4/Crop_115_2.png,兰花/兰花_02_小叶子.png,2,14400
兰花,20115,1020115,40115,200,156,Crop_115,1,phase,3,大叶子,plant/model/v4/Crop_115_3.png,https://jsq.gptvip.chat/images/plant/model/v4/Crop_115_3.png,兰花/兰花_03_大叶子.png,3,14400
兰花,20115,1020115,40115,200,156,Crop_115,1,phase,4,花蕾,plant/model/v4/Crop_115_4.png,https://jsq.gptvip.chat/images/plant/model/v4/Crop_115_4.png,兰花/兰花_04_花蕾.png,4,21600
兰花,20115,1020115,40115,200,156,Crop_115,1,phase,5,盛开,plant/model/v4/Crop_115_5.png,https://jsq.gptvip.chat/images/plant/model/v4/Crop_115_5.png,兰花/兰花_05_盛开.png,5,21600
兰花,20115,1020115,40115,200,156,Crop_115,1,phase,6,成熟,plant/model/v4/Crop_115_6.png,https://jsq.gptvip.chat/images/plant/model/v4/Crop_115_6.png,兰花/兰花_06_成熟.png,6,0
君子兰,20187,1020187,40187,200,158,Crop_187,1,thumb,0,作物图,plant/model/v4/Crop_187_Seed.png,https://jsq.gptvip.chat/images/plant/model/v4/Crop_187_Seed.png,君子兰/君子兰_00_作物图.png,,
君子兰,20187,1020187,40187,200,158,Crop_187,1,phase,1,种子,plant/model/v4/Crop_1_1.png,https://jsq.gptvip.chat/images/plant/model/v4/Crop_1_1.png,君子兰/君子兰_01_种子.png,Seed,2400
君子兰,20187,1020187,40187,200,158,Crop_187,1,phase,2,发芽,plant/model/v4/Crop_187_2.png,https://jsq.gptvip.chat/images/plant/model/v4/Crop_187_2.png,君子兰/君子兰_02_发芽.png,2,2400
君子兰,20187,1020187,40187,200,158,Crop_187,1,phase,3,小叶子,plant/model/v4/Crop_187_3.png,https://jsq.gptvip.chat/images/plant/model/v4/Crop_187_3.png,君子兰/君子兰_03_小叶子.png,3,2400
君子兰,20187,1020187,40187,200,158,Crop_187,1,phase,4,大叶子,plant/model/v4/Crop_187_4.png,https://jsq.gptvip.chat/images/plant/model/v4/Crop_187_4.png,君子兰/君子兰_04_大叶子.png,4,3600
君子兰,20187,1020187,40187,200,158,Crop_187,1,phase,5,花蕾,plant/model/v4/Crop_187_5.png,https://jsq.gptvip.chat/images/plant/model/v4/Crop_187_5.png,君子兰/君子兰_05_花蕾.png,5,3600
君子兰,20187,1020187,40187,200,158,Crop_187,1,phase,6,盛开,plant/model/v4/Crop_187_6.png,https://jsq.gptvip.chat/images/plant/model/v4/Crop_187_6.png,君子兰/君子兰_06_盛开.png,6,0
六月雪,20131,1020131,40131,200,160,Crop_131,1,thumb,0,作物图,plant/model/v4/Crop_131_Seed.png,https://jsq.gptvip.chat/images/plant/model/v4/Crop_131_Seed.png,六月雪/六月雪_00_作物图.png,,
六月雪,20131,1020131,40131,200,160,Crop_131,1,phase,1,种子,plant/model/v4/Crop_1_1.png,https://jsq.gptvip.chat/images/plant/model/v4/Crop_1_1.png,六月雪/六月雪_01_种子.png,Seed,4800
六月雪,20131,1020131,40131,200,160,Crop_131,1,phase,2,发芽,plant/model/v4/Crop_131_2.png,https://jsq.gptvip.chat/images/plant/model/v4/Crop_131_2.png,六月雪/六月雪_02_发芽.png,2,4800
六月雪,20131,1020131,40131,200,160,Crop_131,1,phase,3,小叶子,plant/model/v4/Crop_131_3.png,https://jsq.gptvip.chat/images/plant/model/v4/Crop_131_3.png,六月雪/六月雪_03_小叶子.png,3,4800
六月雪,20131,1020131,40131,200,160,Crop_131,1,phase,4,大叶子,plant/model/v4/Crop_131_4.png,https://jsq.gptvip.chat/images/plant/model/v4/Crop_131_4.png,六月雪/六月雪_04_大叶子.png,4,7200
六月雪,20131,1020131,40131,200,160,Crop_131,1,phase,5,花蕾,plant/model/v4/Crop_131_5.png,https://jsq.gptvip.chat/images/plant/model/v4/Crop_131_5.png,六月雪/六月雪_05_花蕾.png,5,7200
六月雪,20131,1020131,40131,200,160,Crop_131,1,phase,6,盛开,plant/model/v4/Crop_131_6.png,https://jsq.gptvip.chat/images/plant/model/v4/Crop_131_6.png,六月雪/六月雪_06_盛开.png,6,0
蓝铃花,20132,1020132,40132,200,162,Crop_132,1,thumb,0,作物图,plant/model/v4/Crop_132_Seed.png,https://jsq.gptvip.chat/images/plant/model/v4/Crop_132_Seed.png,蓝铃花/蓝铃花_00_作物图.png,,
蓝铃花,20132,1020132,40132,200,162,Crop_132,1,phase,1,种子,plant/model/v4/Crop_1_1.png,https://jsq.gptvip.chat/images/plant/model/v4/Crop_1_1.png,蓝铃花/蓝铃花_01_种子.png,Seed,7200
蓝铃花,20132,1020132,40132,200,162,Crop_132,1,phase,2,发芽,plant/model/v4/Crop_132_2.png,https://jsq.gptvip.chat/images/plant/model/v4/Crop_132_2.png,蓝铃花/蓝铃花_02_发芽.png,2,7200
蓝铃花,20132,1020132,40132,200,162,Crop_132,1,phase,3,小叶子,plant/model/v4/Crop_132_3.png,https://jsq.gptvip.chat/images/plant/model/v4/Crop_132_3.png,蓝铃花/蓝铃花_03_小叶子.png,3,7200
蓝铃花,20132,1020132,40132,200,162,Crop_132,1,phase,4,大叶子,plant/model/v4/Crop_132_4.png,https://jsq.gptvip.chat/images/plant/model/v4/Crop_132_4.png,蓝铃花/蓝铃花_04_大叶子.png,4,10800
蓝铃花,20132,1020132,40132,200,162,Crop_132,1,phase,5,花蕾,plant/model/v4/Crop_132_5.png,https://jsq.gptvip.chat/images/plant/model/v4/Crop_132_5.png,蓝铃花/蓝铃花_05_花蕾.png,5,10800
蓝铃花,20132,1020132,40132,200,162,Crop_132,1,phase,6,盛开,plant/model/v4/Crop_132_6.png,https://jsq.gptvip.chat/images/plant/model/v4/Crop_132_6.png,蓝铃花/蓝铃花_06_盛开.png,6,0
宋梅,20172,1020172,40172,200,164,Crop_172,1,thumb,0,作物图,plant/model/v4/Crop_172_Seed.png,https://jsq.gptvip.chat/images/plant/model/v4/Crop_172_Seed.png,宋梅/宋梅_00_作物图.png,,
宋梅,20172,1020172,40172,200,164,Crop_172,1,phase,1,种子,plant/model/v4/Crop_1_1.png,https://jsq.gptvip.chat/images/plant/model/v4/Crop_1_1.png,宋梅/宋梅_01_种子.png,Seed,14400
宋梅,20172,1020172,40172,200,164,Crop_172,1,phase,2,发芽,plant/model/v4/Crop_172_2.png,https://jsq.gptvip.chat/images/plant/model/v4/Crop_172_2.png,宋梅/宋梅_02_发芽.png,2,14400
宋梅,20172,1020172,40172,200,164,Crop_172,1,phase,3,小叶子,plant/model/v4/Crop_172_3.png,https://jsq.gptvip.chat/images/plant/model/v4/Crop_172_3.png,宋梅/宋梅_03_小叶子.png,3,14400
宋梅,20172,1020172,40172,200,164,Crop_172,1,phase,4,大叶子,plant/model/v4/Crop_172_4.png,https://jsq.gptvip.chat/images/plant/model/v4/Crop_172_4.png,宋梅/宋梅_04_大叶子.png,4,21600
宋梅,20172,1020172,40172,200,164,Crop_172,1,phase,5,花蕾,plant/model/v4/Crop_172_5.png,https://jsq.gptvip.chat/images/plant/model/v4/Crop_172_5.png,宋梅/宋梅_05_花蕾.png,5,21600
宋梅,20172,1020172,40172,200,164,Crop_172,1,phase,6,盛开,plant/model/v4/Crop_172_6.png,https://jsq.gptvip.chat/images/plant/model/v4/Crop_172_6.png,宋梅/宋梅_06_盛开.png,6,0
